20.25,-34.25,2.4575e+06,0.0466,4
20.75,-34.25,2.4575e+06,0.0352,4
21.25,-34.25,2.4575e+06,0.0698,7
21.75,-34.25,2.4575e+06,0.0861,11
24.75,-34.25,2.4575e+06,0.0838,5
20.75,-33.75,2.4575e+06,0.005,20
21.25,-33.75,2.4575e+06,0.008,23
21.75,-33.75,2.4575e+06,0.0249,17
22.25,-33.75,2.4575e+06,0.0421,23
22.75,-33.75,2.4575e+06,0.0875,20
23.25,-33.75,2.4575e+06,0.0798,20
23.75,-33.75,2.4575e+06,0.077,20
24.25,-33.75,2.4575e+06,0.0836,20
24.75,-33.75,2.4575e+06,0.0929,18
25.25,-33.75,2.4575e+06,0.1099,13
25.75,-33.75,2.4575e+06,0.1281,9
26.25,-33.75,2.4575e+06,0.1461,7
20.75,-33.25,2.4575e+06,0.0018,11
21.25,-33.25,2.4575e+06,0.0286,15
21.75,-33.25,2.4575e+06,0.0511,11
22.25,-33.25,2.4575e+06,0.0548,19
22.75,-33.25,2.4575e+06,0.0756,11
23.25,-33.25,2.4575e+06,0.0579,22
23.75,-33.25,2.4575e+06,0.06,19
24.25,-33.25,2.4575e+06,0.0617,18
24.75,-33.25,2.4575e+06,0.1006,20
25.25,-33.25,2.4575e+06,0.1339,17
25.75,-33.25,2.4575e+06,0.1187,17
26.25,-33.25,2.4575e+06,0.1395,13
26.75,-33.25,2.4575e+06,0.1688,14
27.25,-33.25,2.4575e+06,0.1806,11
27.75,-33.25,2.4575e+06,0.1881,4
20.25,-32.75,2.4575e+06,0.015,4
20.75,-32.75,2.4575e+06,0.0381,11
21.25,-32.75,2.4575e+06,0.0511,5
22.75,-32.75,2.4575e+06,0.0482,9
23.25,-32.75,2.4575e+06,0.0103,16
23.75,-32.75,2.4575e+06,0.0258,16
24.25,-32.75,2.4575e+06,0.0641,21
24.75,-32.75,2.4575e+06,0.0952,18
25.25,-32.75,2.4575e+06,0.0936,17
25.75,-32.75,2.4575e+06,0.1024,17
26.25,-32.75,2.4575e+06,0.1209,17
26.75,-32.75,2.4575e+06,0.1385,15
27.25,-32.75,2.4575e+06,0.1144,11
27.75,-32.75,2.4575e+06,0.1294,11
28.25,-32.75,2.4575e+06,0.1737,7
20.25,-32.25,2.4575e+06,0.0212,6
20.75,-32.25,2.4575e+06,0.0008,6
21.25,-32.25,2.4575e+06,0.0016,10
21.75,-32.25,2.4575e+06,0.0327,18
22.25,-32.25,2.4575e+06,0.0502,14
22.75,-32.25,2.4575e+06,0.0207,14
23.25,-32.25,2.4575e+06,0.0271,17
23.75,-32.25,2.4575e+06,0.0635,16
24.25,-32.25,2.4575e+06,0.065,18
24.75,-32.25,2.4575e+06,0.0746,17
25.25,-32.25,2.4575e+06,0.0937,17
25.75,-32.25,2.4575e+06,0.119,16
26.25,-32.25,2.4575e+06,0.1033,17
26.75,-32.25,2.4575e+06,0.0983,12
27.25,-32.25,2.4575e+06,0.109,16
27.75,-32.25,2.4575e+06,0.1179,12
28.25,-32.25,2.4575e+06,0.1427,12
28.75,-32.25,2.4575e+06,0.213,7
19.75,-31.75,2.4575e+06,-0.0029,12
21.75,-31.75,2.4575e+06,0.0104,16
22.25,-31.75,2.4575e+06,0.0141,24
22.75,-31.75,2.4575e+06,0.0297,25
23.25,-31.75,2.4575e+06,0.0433,22
23.75,-31.75,2.4575e+06,0.0528,22
24.25,-31.75,2.4575e+06,0.0714,23
24.75,-31.75,2.4575e+06,0.08,19
25.25,-31.75,2.4575e+06,0.0841,20
25.75,-31.75,2.4575e+06,0.089,17
26.25,-31.75,2.4575e+06,0.0852,16
26.75,-31.75,2.4575e+06,0.0917,16
27.25,-31.75,2.4575e+06,0.0913,10
27.75,-31.75,2.4575e+06,0.0805,15
28.25,-31.75,2.4575e+06,0.1199,13
28.75,-31.75,2.4575e+06,0.1741,12
29.25,-31.75,2.4575e+06,0.2398,4
19.25,-31.25,2.4575e+06,-0.0316,6
22.75,-31.25,2.4575e+06,-0.0269,5
23.25,-31.25,2.4575e+06,-0.0136,10
23.75,-31.25,2.4575e+06,-0,14
24.25,-31.25,2.4575e+06,0.0088,21
24.75,-31.25,2.4575e+06,0.04,23
25.25,-31.25,2.4575e+06,0.0683,17
25.75,-31.25,2.4575e+06,0.0981,17
26.25,-31.25,2.4575e+06,0.0874,17
26.75,-31.25,2.4575e+06,0.0737,15
27.25,-31.25,2.4575e+06,0.0674,17
27.75,-31.25,2.4575e+06,0.0613,11
28.25,-31.25,2.4575e+06,0.0898,12
28.75,-31.25,2.4575e+06,0.1351,10
29.25,-31.25,2.4575e+06,0.1826,12
29.75,-31.25,2.4575e+06,0.175,10
19.25,-30.75,2.4575e+06,-0.034,4
21.25,-30.75,2.4575e+06,-0.0649,4
22.25,-30.75,2.4575e+06,-0.034,7
23.25,-30.75,2.4575e+06,-0.0235,13
23.75,-30.75,2.4575e+06,-0.0184,6
24.25,-30.75,2.4575e+06,-0.0061,15
24.75,-30.75,2.4575e+06,0.0273,19
25.25,-30.75,2.4575e+06,0.0769,20
25.75,-30.75,2.4575e+06,0.0805,12
26.25,-30.75,2.4575e+06,0.0825,17
26.75,-30.75,2.4575e+06,0.0728,17
27.25,-30.75,2.4575e+06,0.0743,12
27.75,-30.75,2.4575e+06,0.0672,16
28.25,-30.75,2.4575e+06,0.0672,12
28.75,-30.75,2.4575e+06,0.103,12
29.25,-30.75,2.4575e+06,0.1105,9
29.75,-30.75,2.4575e+06,0.1494,12
30.25,-30.75,2.4575e+06,0.1599,5
23.75,-30.25,2.4575e+06,0.0138,9
24.25,-30.25,2.4575e+06,-0.014,11
24.75,-30.25,2.4575e+06,0.0308,19
25.25,-30.25,2.4575e+06,0.055,19
25.75,-30.25,2.4575e+06,0.0695,19
26.25,-30.25,2.4575e+06,0.0553,15
26.75,-30.25,2.4575e+06,0.0609,16
27.25,-30.25,2.4575e+06,0.0881,16
27.75,-30.25,2.4575e+06,0.1067,11
28.25,-30.25,2.4575e+06,0.0846,13
28.75,-30.25,2.4575e+06,0.0719,13
29.25,-30.25,2.4575e+06,0.0789,12
29.75,-30.25,2.4575e+06,0.1082,7
30.25,-30.25,2.4575e+06,0.1453,11
30.75,-30.25,2.4575e+06,0.157,5
22.75,-29.75,2.4575e+06,-0.0114,7
23.25,-29.75,2.4575e+06,-0.0228,4
24.25,-29.75,2.4575e+06,0.0092,10
24.75,-29.75,2.4575e+06,0.0191,14
25.25,-29.75,2.4575e+06,0.036,20
25.75,-29.75,2.4575e+06,0.0576,15
26.25,-29.75,2.4575e+06,0.0436,13
26.75,-29.75,2.4575e+06,0.0733,16
27.25,-29.75,2.4575e+06,0.0963,12
27.75,-29.75,2.4575e+06,0.0886,18
28.25,-29.75,2.4575e+06,0.0722,11
28.75,-29.75,2.4575e+06,0.0623,12
29.25,-29.75,2.4575e+06,0.0623,9
29.75,-29.75,2.4575e+06,0.0905,12
30.25,-29.75,2.4575e+06,0.134,11
30.75,-29.75,2.4575e+06,0.1442,6
22.25,-29.25,2.4575e+06,-0.0065,8
22.75,-29.25,2.4575e+06,-0.0285,4
23.25,-29.25,2.4575e+06,0.0305,13
23.75,-29.25,2.4575e+06,0.0208,13
24.25,-29.25,2.4575e+06,-0,4
24.75,-29.25,2.4575e+06,0.0332,10
25.25,-29.25,2.4575e+06,0.0195,9
25.75,-29.25,2.4575e+06,0.0283,16
26.25,-29.25,2.4575e+06,0.0641,13
26.75,-29.25,2.4575e+06,0.0995,15
27.25,-29.25,2.4575e+06,0.1177,17
27.75,-29.25,2.4575e+06,0.1113,12
28.25,-29.25,2.4575e+06,0.0648,17
28.75,-29.25,2.4575e+06,0.0538,11
29.25,-29.25,2.4575e+06,0.0479,10
29.75,-29.25,2.4575e+06,0.085,11
30.25,-29.25,2.4575e+06,0.1159,9
30.75,-29.25,2.4575e+06,0.1459,7
31.25,-29.25,2.4575e+06,0.138,8
22.25,-28.75,2.4575e+06,0.0176,4
23.75,-28.75,2.4575e+06,0.0434,14
24.25,-28.75,2.4575e+06,0.0323,20
24.75,-28.75,2.4575e+06,0.0605,21
25.25,-28.75,2.4575e+06,0.0618,18
25.75,-28.75,2.4575e+06,0.0089,5
26.25,-28.75,2.4575e+06,0.05,10
26.75,-28.75,2.4575e+06,0.0824,18
27.25,-28.75,2.4575e+06,0.096,16
27.75,-28.75,2.4575e+06,0.1105,16
28.25,-28.75,2.4575e+06,0.0992,11
28.75,-28.75,2.4575e+06,0.0578,13
29.25,-28.75,2.4575e+06,0.0867,12
29.75,-28.75,2.4575e+06,0.1249,10
30.25,-28.75,2.4575e+06,0.132,9
30.75,-28.75,2.4575e+06,0.1284,12
31.25,-28.75,2.4575e+06,0.127,5
31.75,-28.75,2.4575e+06,0.1059,11
20.25,-28.25,2.4575e+06,0.0615,4
22.75,-28.25,2.4575e+06,-0.0015,10
23.75,-28.25,2.4575e+06,0.0448,8
24.25,-28.25,2.4575e+06,0.1257,25
24.75,-28.25,2.4575e+06,0.0866,23
25.25,-28.25,2.4575e+06,0.0796,18
25.75,-28.25,2.4575e+06,0.0683,8
26.75,-28.25,2.4575e+06,0.1015,9
27.25,-28.25,2.4575e+06,0.1232,17
27.75,-28.25,2.4575e+06,0.1342,13
28.25,-28.25,2.4575e+06,0.1371,17
28.75,-28.25,2.4575e+06,0.1161,11
29.25,-28.25,2.4575e+06,0.1217,11
29.75,-28.25,2.4575e+06,0.1191,10
30.25,-28.25,2.4575e+06,0.1222,11
30.75,-28.25,2.4575e+06,0.1244,11
31.25,-28.25,2.4575e+06,0.1433,6
31.75,-28.25,2.4575e+06,0.1237,10
32.25,-28.25,2.4575e+06,0.1209,6
22.75,-27.75,2.4575e+06,0.0163,9
23.25,-27.75,2.4575e+06,-0.0021,7
23.75,-27.75,2.4575e+06,0.0498,6
24.25,-27.75,2.4575e+06,0.137,23
24.75,-27.75,2.4575e+06,0.1083,23
25.25,-27.75,2.4575e+06,0.1208,21
25.75,-27.75,2.4575e+06,0.1409,8
26.25,-27.75,2.4575e+06,0.1776,4
27.25,-27.75,2.4575e+06,0.1721,15
27.75,-27.75,2.4575e+06,0.1699,16
28.25,-27.75,2.4575e+06,0.1547,11
28.75,-27.75,2.4575e+06,0.1642,15
29.25,-27.75,2.4575e+06,0.1548,12
29.75,-27.75,2.4575e+06,0.1282,11
30.25,-27.75,2.4575e+06,0.1435,12
30.75,-27.75,2.4575e+06,0.1316,6
31.25,-27.75,2.4575e+06,0.1255,11
31.75,-27.75,2.4575e+06,0.1221,6
32.25,-27.75,2.4575e+06,0.1221,4
18.75,-27.25,2.4575e+06,0.0233,7
19.25,-27.25,2.4575e+06,0.0317,6
23.75,-27.25,2.4575e+06,0.0464,5
24.25,-27.25,2.4575e+06,0.097,19
24.75,-27.25,2.4575e+06,0.1031,22
25.25,-27.25,2.4575e+06,0.1095,18
25.75,-27.25,2.4575e+06,0.1231,20
26.25,-27.25,2.4575e+06,0.1422,18
26.75,-27.25,2.4575e+06,0.1626,14
27.25,-27.25,2.4575e+06,0.1863,18
27.75,-27.25,2.4575e+06,0.2522,14
28.25,-27.25,2.4575e+06,0.2352,16
28.75,-27.25,2.4575e+06,0.2377,11
29.25,-27.25,2.4575e+06,0.227,12
29.75,-27.25,2.4575e+06,0.1569,12
30.25,-27.25,2.4575e+06,0.1367,8
30.75,-27.25,2.4575e+06,0.1253,11
31.25,-27.25,2.4575e+06,0.1362,11
31.75,-27.25,2.4575e+06,0.1385,5
18.75,-26.75,2.4575e+06,0.1781,4
24.25,-26.75,2.4575e+06,0.0338,7
24.75,-26.75,2.4575e+06,0.0804,16
25.25,-26.75,2.4575e+06,0.1343,13
25.75,-26.75,2.4575e+06,0.1607,17
26.25,-26.75,2.4575e+06,0.1493,20
26.75,-26.75,2.4575e+06,0.1785,19
27.25,-26.75,2.4575e+06,0.2105,16
27.75,-26.75,2.4575e+06,0.3267,16
28.25,-26.75,2.4575e+06,0.3082,12
28.75,-26.75,2.4575e+06,0.3061,16
29.25,-26.75,2.4575e+06,0.2927,12
29.75,-26.75,2.4575e+06,0.2514,11
30.25,-26.75,2.4575e+06,0.1636,12
30.75,-26.75,2.4575e+06,0.1572,11
31.25,-26.75,2.4575e+06,0.16,7
31.75,-26.75,2.4575e+06,0.1487,6
23.75,-26.25,2.4575e+06,0.0762,13
24.25,-26.25,2.4575e+06,0.0774,4
24.75,-26.25,2.4575e+06,0.1423,12
25.75,-26.25,2.4575e+06,0.1167,9
26.25,-26.25,2.4575e+06,0.1571,20
26.75,-26.25,2.4575e+06,0.1644,17
27.25,-26.25,2.4575e+06,0.2384,17
27.75,-26.25,2.4575e+06,0.3802,16
28.25,-26.25,2.4575e+06,0.4007,14
28.75,-26.25,2.4575e+06,0.2811,12
29.25,-26.25,2.4575e+06,0.2663,13
29.75,-26.25,2.4575e+06,0.2172,11
30.25,-26.25,2.4575e+06,0.1533,5
30.75,-26.25,2.4575e+06,0.15,10
31.25,-26.25,2.4575e+06,0.111,7
31.75,-26.25,2.4575e+06,0.1215,5
23.75,-25.75,2.4575e+06,0.1014,5
24.25,-25.75,2.4575e+06,0.1371,4
25.75,-25.75,2.4575e+06,0.1181,11
26.25,-25.75,2.4575e+06,0.2162,21
26.75,-25.75,2.4575e+06,0.2337,19
27.25,-25.75,2.4575e+06,0.3438,17
27.75,-25.75,2.4575e+06,0.4233,18
28.25,-25.75,2.4575e+06,0.34,14
28.75,-25.75,2.4575e+06,0.1827,16
29.25,-25.75,2.4575e+06,0.1928,12
29.75,-25.75,2.4575e+06,0.2021,7
30.25,-25.75,2.4575e+06,0.1342,11
30.75,-25.75,2.4575e+06,0.123,9
31.25,-25.75,2.4575e+06,0.1217,10
24.75,-25.25,2.4575e+06,0.1919,4
25.25,-25.25,2.4575e+06,0.0969,9
25.75,-25.25,2.4575e+06,0.1674,18
26.25,-25.25,2.4575e+06,0.2457,20
26.75,-25.25,2.4575e+06,0.2975,21
27.25,-25.25,2.4575e+06,0.3547,19
27.75,-25.25,2.4575e+06,0.379,16
28.25,-25.25,2.4575e+06,0.3141,17
28.75,-25.25,2.4575e+06,0.2247,11
29.25,-25.25,2.4575e+06,0.2439,14
29.75,-25.25,2.4575e+06,0.194,12
30.25,-25.25,2.4575e+06,0.0713,10
30.75,-25.25,2.4575e+06,0.0985,11
45.25,-25.25,2.4575e+06,-0.0222,8
17.25,-24.75,2.4575e+06,0.0218,5
17.75,-24.75,2.4575e+06,0.0709,4
24.75,-24.75,2.4575e+06,0.152,8
25.25,-24.75,2.4575e+06,0.1754,15
25.75,-24.75,2.4575e+06,0.2124,13
26.25,-24.75,2.4575e+06,0.265,20
26.75,-24.75,2.4575e+06,0.285,22
27.25,-24.75,2.4575e+06,0.3252,17
27.75,-24.75,2.4575e+06,0.3436,18
28.25,-24.75,2.4575e+06,0.3331,14
28.75,-24.75,2.4575e+06,0.2818,14
29.25,-24.75,2.4575e+06,0.2136,13
29.75,-24.75,2.4575e+06,0.0986,13
30.25,-24.75,2.4575e+06,0.0865,13
30.75,-24.75,2.4575e+06,0.0922,4
44.25,-24.75,2.4575e+06,0.0487,6
44.75,-24.75,2.4575e+06,-0.0471,9
45.25,-24.75,2.4575e+06,-0.0321,4
45.75,-24.75,2.4575e+06,-0.0434,9
46.25,-24.75,2.4575e+06,-0.0229,10
46.75,-24.75,2.4575e+06,0.0349,5
25.25,-24.25,2.4575e+06,0.2253,10
25.75,-24.25,2.4575e+06,0.2271,11
26.25,-24.25,2.4575e+06,0.2229,6
26.75,-24.25,2.4575e+06,0.2462,18
27.25,-24.25,2.4575e+06,0.291,19
27.75,-24.25,2.4575e+06,0.3252,17
28.25,-24.25,2.4575e+06,0.2719,13
28.75,-24.25,2.4575e+06,0.2283,14
29.25,-24.25,2.4575e+06,0.1257,14
29.75,-24.25,2.4575e+06,0.0608,12
30.25,-24.25,2.4575e+06,0.1032,4
43.75,-24.25,2.4575e+06,0.0427,7
45.75,-24.25,2.4575e+06,-0.0384,6
46.25,-24.25,2.4575e+06,-0.0409,7
46.75,-24.25,2.4575e+06,0.0233,6
22.25,-23.75,2.4575e+06,0.1252,4
23.75,-23.75,2.4575e+06,0.1424,4
24.25,-23.75,2.4575e+06,0.1667,4
25.75,-23.75,2.4575e+06,0.2821,5
26.25,-23.75,2.4575e+06,0.2466,15
26.75,-23.75,2.4575e+06,0.2261,14
27.25,-23.75,2.4575e+06,0.2802,19
27.75,-23.75,2.4575e+06,0.2796,18
28.25,-23.75,2.4575e+06,0.2039,16
28.75,-23.75,2.4575e+06,0.1104,15
29.25,-23.75,2.4575e+06,0.0496,11
29.75,-23.75,2.4575e+06,0.0751,7
44.25,-23.75,2.4575e+06,-0.0268,6
44.75,-23.75,2.4575e+06,-0.0348,6
45.75,-23.75,2.4575e+06,-0.0643,7
25.75,-23.25,2.4575e+06,0.278,12
26.25,-23.25,2.4575e+06,0.1616,9
26.75,-23.25,2.4575e+06,0.1651,18
27.25,-23.25,2.4575e+06,0.1519,20
27.75,-23.25,2.4575e+06,0.1341,16
28.25,-23.25,2.4575e+06,0.0889,16
28.75,-23.25,2.4575e+06,0.043,13
29.25,-23.25,2.4575e+06,0.0449,10
44.25,-23.25,2.4575e+06,-0.0313,7
45.25,-23.25,2.4575e+06,-0.0388,17
45.75,-23.25,2.4575e+06,-0.049,5
46.25,-23.25,2.4575e+06,-0.0202,4
17.25,-22.75,2.4575e+06,0.0701,9
17.75,-22.75,2.4575e+06,0.0839,4
18.25,-22.75,2.4575e+06,0.0855,5
18.75,-22.75,2.4575e+06,0.065,9
19.25,-22.75,2.4575e+06,0.0545,10
19.75,-22.75,2.4575e+06,0.0473,5
25.75,-22.75,2.4575e+06,0.2374,8
26.25,-22.75,2.4575e+06,0.155,23
26.75,-22.75,2.4575e+06,0.1317,21
27.25,-22.75,2.4575e+06,0.1015,19
27.75,-22.75,2.4575e+06,0.0693,13
28.25,-22.75,2.4575e+06,0.0409,4
28.75,-22.75,2.4575e+06,0.0386,5
29.75,-22.75,2.4575e+06,0.0726,5
44.25,-22.75,2.4575e+06,-0.0363,4
44.75,-22.75,2.4575e+06,-0.04,10
45.25,-22.75,2.4575e+06,-0.056,11
45.75,-22.75,2.4575e+06,-0.0622,10
46.25,-22.75,2.4575e+06,-0.0048,4
16.75,-22.25,2.4575e+06,0.1086,10
17.25,-22.25,2.4575e+06,0.0957,10
17.75,-22.25,2.4575e+06,0.0928,13
18.25,-22.25,2.4575e+06,0.0863,18
18.75,-22.25,2.4575e+06,0.0654,17
19.25,-22.25,2.4575e+06,0.0748,19
19.75,-22.25,2.4575e+06,0.0814,7
20.25,-22.25,2.4575e+06,0.0767,4
22.75,-22.25,2.4575e+06,0.2541,5
23.25,-22.25,2.4575e+06,0.2719,10
23.75,-22.25,2.4575e+06,0.2823,10
25.25,-22.25,2.4575e+06,0.2282,4
25.75,-22.25,2.4575e+06,0.1348,20
26.25,-22.25,2.4575e+06,0.0761,21
26.75,-22.25,2.4575e+06,0.0752,18
27.25,-22.25,2.4575e+06,0.0566,5
28.75,-22.25,2.4575e+06,0.0571,13
29.25,-22.25,2.4575e+06,0.0994,6
44.25,-22.25,2.4575e+06,-0.0288,8
44.75,-22.25,2.4575e+06,-0.0465,21
45.25,-22.25,2.4575e+06,-0.0543,7
46.75,-22.25,2.4575e+06,0.0536,8
17.25,-21.75,2.4575e+06,0.1106,8
17.75,-21.75,2.4575e+06,0.1061,15
18.25,-21.75,2.4575e+06,0.0817,17
18.75,-21.75,2.4575e+06,0.0814,17
19.25,-21.75,2.4575e+06,0.0831,12
19.75,-21.75,2.4575e+06,0.0643,9
21.25,-21.75,2.4575e+06,0.141,4
21.75,-21.75,2.4575e+06,0.1441,15
22.25,-21.75,2.4575e+06,0.2279,9
23.25,-21.75,2.4575e+06,0.3254,5
23.75,-21.75,2.4575e+06,0.317,7
24.25,-21.75,2.4575e+06,0.2299,12
24.75,-21.75,2.4575e+06,0.1027,4
25.25,-21.75,2.4575e+06,0.0634,6
25.75,-21.75,2.4575e+06,0.0269,8
26.25,-21.75,2.4575e+06,0.0125,9
26.75,-21.75,2.4575e+06,0.0446,11
27.25,-21.75,2.4575e+06,-0.0013,5
27.75,-21.75,2.4575e+06,-0.0004,5
28.25,-21.75,2.4575e+06,0.0366,4
28.75,-21.75,2.4575e+06,0.0415,5
30.25,-21.75,2.4575e+06,0.0844,6
30.75,-21.75,2.4575e+06,0.0926,9
44.25,-21.75,2.4575e+06,-0.0199,11
44.75,-21.75,2.4575e+06,-0.026,19
45.25,-21.75,2.4575e+06,-0.0396,18
45.75,-21.75,2.4575e+06,-0.0638,4
46.25,-21.75,2.4575e+06,-0.0549,5
17.25,-21.25,2.4575e+06,0.1058,4
17.75,-21.25,2.4575e+06,0.1139,13
18.25,-21.25,2.4575e+06,0.0979,14
18.75,-21.25,2.4575e+06,0.1005,18
19.25,-21.25,2.4575e+06,0.0578,9
19.75,-21.25,2.4575e+06,0.0468,16
20.25,-21.25,2.4575e+06,0.0448,9
20.75,-21.25,2.4575e+06,0.1268,9
21.25,-21.25,2.4575e+06,0.1747,14
21.75,-21.25,2.4575e+06,0.142,12
22.25,-21.25,2.4575e+06,0.0607,18
22.75,-21.25,2.4575e+06,0.0508,4
23.25,-21.25,2.4575e+06,0.2817,13
23.75,-21.25,2.4575e+06,0.2831,18
24.25,-21.25,2.4575e+06,0.2175,10
25.75,-21.25,2.4575e+06,0.0171,8
26.75,-21.25,2.4575e+06,0.0061,6
27.25,-21.25,2.4575e+06,-0.005,14
28.75,-21.25,2.4575e+06,0.0458,12
29.25,-21.25,2.4575e+06,0.0849,12
29.75,-21.25,2.4575e+06,0.0871,13
30.25,-21.25,2.4575e+06,0.079,12
30.75,-21.25,2.4575e+06,0.0807,11
31.25,-21.25,2.4575e+06,0.0741,5
44.25,-21.25,2.4575e+06,-0.0298,6
44.75,-21.25,2.4575e+06,-0.0371,12
45.25,-21.25,2.4575e+06,-0.0357,7
16.75,-20.75,2.4575e+06,0.0878,10
17.25,-20.75,2.4575e+06,0.0906,7
17.75,-20.75,2.4575e+06,0.1338,8
18.25,-20.75,2.4575e+06,0.1078,5
18.75,-20.75,2.4575e+06,0.0826,9
19.25,-20.75,2.4575e+06,0.0796,14
19.75,-20.75,2.4575e+06,0.0501,18
20.25,-20.75,2.4575e+06,0.0556,18
20.75,-20.75,2.4575e+06,0.1046,13
21.25,-20.75,2.4575e+06,0.1839,13
21.75,-20.75,2.4575e+06,0.1711,10
22.75,-20.75,2.4575e+06,0.0768,4
23.25,-20.75,2.4575e+06,0.1889,6
23.75,-20.75,2.4575e+06,0.2449,11
24.25,-20.75,2.4575e+06,0.1765,9
26.25,-20.75,2.4575e+06,0.0755,9
26.75,-20.75,2.4575e+06,0.0047,16
27.25,-20.75,2.4575e+06,-0.0041,10
27.75,-20.75,2.4575e+06,0.0403,4
28.25,-20.75,2.4575e+06,0.0527,12
28.75,-20.75,2.4575e+06,0.0522,15
29.25,-20.75,2.4575e+06,0.058,8
29.75,-20.75,2.4575e+06,0.0646,12
30.25,-20.75,2.4575e+06,0.0763,15
30.75,-20.75,2.4575e+06,0.0794,14
31.25,-20.75,2.4575e+06,0.0911,10
44.25,-20.75,2.4575e+06,-0.0205,8
44.75,-20.75,2.4575e+06,-0.0304,14
45.25,-20.75,2.4575e+06,-0.0471,4
15.75,-20.25,2.4575e+06,0.1911,5
16.25,-20.25,2.4575e+06,0.1242,9
16.75,-20.25,2.4575e+06,0.0813,10
17.25,-20.25,2.4575e+06,0.0853,12
17.75,-20.25,2.4575e+06,0.0657,8
18.25,-20.25,2.4575e+06,0.1408,5
18.75,-20.25,2.4575e+06,0.1186,6
19.25,-20.25,2.4575e+06,0.0808,14
19.75,-20.25,2.4575e+06,0.0694,20
20.25,-20.25,2.4575e+06,0.0599,17
20.75,-20.25,2.4575e+06,0.0877,18
21.25,-20.25,2.4575e+06,0.1759,15
21.75,-20.25,2.4575e+06,0.1795,8
22.25,-20.25,2.4575e+06,0.0951,6
22.75,-20.25,2.4575e+06,0.0803,8
23.25,-20.25,2.4575e+06,0.0385,10
23.75,-20.25,2.4575e+06,0.0892,14
24.25,-20.25,2.4575e+06,0.0624,19
24.75,-20.25,2.4575e+06,0.0883,14
25.25,-20.25,2.4575e+06,0.0929,13
25.75,-20.25,2.4575e+06,0.083,9
26.25,-20.25,2.4575e+06,0.1024,16
26.75,-20.25,2.4575e+06,0.0548,8
27.25,-20.25,2.4575e+06,0.0028,8
28.25,-20.25,2.4575e+06,0.0492,15
28.75,-20.25,2.4575e+06,0.0481,7
29.25,-20.25,2.4575e+06,0.0467,12
29.75,-20.25,2.4575e+06,0.0554,15
30.25,-20.25,2.4575e+06,0.0709,8
30.75,-20.25,2.4575e+06,0.0674,12
31.25,-20.25,2.4575e+06,0.0792,13
45.75,-20.25,2.4575e+06,-0.0556,6
46.25,-20.25,2.4575e+06,-0.0199,5
46.75,-20.25,2.4575e+06,0.0443,4
16.75,-19.75,2.4575e+06,0.1395,14
17.25,-19.75,2.4575e+06,0.1419,15
17.75,-19.75,2.4575e+06,0.1468,13
18.25,-19.75,2.4575e+06,0.1661,11
18.75,-19.75,2.4575e+06,0.0906,16
19.25,-19.75,2.4575e+06,0.0864,18
19.75,-19.75,2.4575e+06,0.0965,20
20.25,-19.75,2.4575e+06,0.0955,19
20.75,-19.75,2.4575e+06,0.0501,22
21.25,-19.75,2.4575e+06,0.1093,17
21.75,-19.75,2.4575e+06,0.0862,12
22.25,-19.75,2.4575e+06,0.0878,18
22.75,-19.75,2.4575e+06,0.067,16
23.25,-19.75,2.4575e+06,0.0374,11
23.75,-19.75,2.4575e+06,0.0218,4
24.75,-19.75,2.4575e+06,0.0431,5
25.25,-19.75,2.4575e+06,0.0429,10
25.75,-19.75,2.4575e+06,0.0639,12
26.25,-19.75,2.4575e+06,0.0609,17
26.75,-19.75,2.4575e+06,0.0489,10
27.25,-19.75,2.4575e+06,0.0415,13
27.75,-19.75,2.4575e+06,0.0503,17
28.25,-19.75,2.4575e+06,0.0556,4
29.25,-19.75,2.4575e+06,0.0509,4
29.75,-19.75,2.4575e+06,0.0359,5
30.25,-19.75,2.4575e+06,0.0612,7
30.75,-19.75,2.4575e+06,0.0545,11
31.25,-19.75,2.4575e+06,0.064,8
32.25,-19.75,2.4575e+06,0.0718,4
44.75,-19.75,2.4575e+06,-0.0007,6
45.25,-19.75,2.4575e+06,-0.0341,5
46.25,-19.75,2.4575e+06,-0.0515,4
16.75,-19.25,2.4575e+06,0.163,7
17.25,-19.25,2.4575e+06,0.189,11
17.75,-19.25,2.4575e+06,0.1687,15
18.25,-19.25,2.4575e+06,0.1796,15
18.75,-19.25,2.4575e+06,0.1002,17
19.25,-19.25,2.4575e+06,0.0507,15
19.75,-19.25,2.4575e+06,0.1634,19
20.25,-19.25,2.4575e+06,0.1096,20
20.75,-19.25,2.4575e+06,0.0508,22
21.25,-19.25,2.4575e+06,0.1091,19
21.75,-19.25,2.4575e+06,0.0781,22
22.25,-19.25,2.4575e+06,0.0832,16
22.75,-19.25,2.4575e+06,0.0592,25
23.25,-19.25,2.4575e+06,0.0265,17
23.75,-19.25,2.4575e+06,0.0454,16
24.25,-19.25,2.4575e+06,-0.0028,17
24.75,-19.25,2.4575e+06,0.0063,18
25.25,-19.25,2.4575e+06,0.0053,21
25.75,-19.25,2.4575e+06,0.0065,23
26.25,-19.25,2.4575e+06,0.0104,21
26.75,-19.25,2.4575e+06,0.0118,16
27.25,-19.25,2.4575e+06,0.0315,11
27.75,-19.25,2.4575e+06,0.0508,9
29.25,-19.25,2.4575e+06,0.0236,5
30.25,-19.25,2.4575e+06,0.0441,8
30.75,-19.25,2.4575e+06,0.0502,5
31.25,-19.25,2.4575e+06,0.0584,10
44.75,-19.25,2.4575e+06,-0.016,8
45.75,-19.25,2.4575e+06,-0.0354,11
17.25,-18.75,2.4575e+06,0.1988,11
17.75,-18.75,2.4575e+06,0.1603,14
18.25,-18.75,2.4575e+06,0.1352,15
18.75,-18.75,2.4575e+06,0.0896,16
19.25,-18.75,2.4575e+06,0.0941,19
19.75,-18.75,2.4575e+06,0.1025,18
20.25,-18.75,2.4575e+06,0.1124,21
20.75,-18.75,2.4575e+06,0.1062,20
21.25,-18.75,2.4575e+06,0.0747,23
21.75,-18.75,2.4575e+06,0.052,25
22.25,-18.75,2.4575e+06,0.0611,21
22.75,-18.75,2.4575e+06,0.0472,17
23.25,-18.75,2.4575e+06,0.0518,18
23.75,-18.75,2.4575e+06,0.0418,7
24.25,-18.75,2.4575e+06,0.0414,7
24.75,-18.75,2.4575e+06,0.0063,7
25.25,-18.75,2.4575e+06,0.0024,11
25.75,-18.75,2.4575e+06,0.0222,18
26.25,-18.75,2.4575e+06,0.0067,9
26.75,-18.75,2.4575e+06,0.0032,9
27.25,-18.75,2.4575e+06,0.0638,9
29.75,-18.75,2.4575e+06,0.0565,4
30.75,-18.75,2.4575e+06,0.0291,7
31.25,-18.75,2.4575e+06,0.0372,11
44.75,-18.75,2.4575e+06,-0.0117,8
45.25,-18.75,2.4575e+06,-0.0411,10
45.75,-18.75,2.4575e+06,-0.034,8
16.75,-18.25,2.4575e+06,0.1301,5
17.25,-18.25,2.4575e+06,0.1174,13
17.75,-18.25,2.4575e+06,0.1076,12
18.25,-18.25,2.4575e+06,0.098,16
18.75,-18.25,2.4575e+06,0.0929,15
19.25,-18.25,2.4575e+06,0.1076,17
19.75,-18.25,2.4575e+06,0.114,17
20.25,-18.25,2.4575e+06,0.0746,21
20.75,-18.25,2.4575e+06,0.0954,23
21.25,-18.25,2.4575e+06,0.0719,22
21.75,-18.25,2.4575e+06,0.0356,12
22.25,-18.25,2.4575e+06,0.0287,7
22.75,-18.25,2.4575e+06,0.0463,5
23.25,-18.25,2.4575e+06,0.0563,9
23.75,-18.25,2.4575e+06,0.0354,6
25.25,-18.25,2.4575e+06,0.0331,18
25.75,-18.25,2.4575e+06,0.0129,9
27.75,-18.25,2.4575e+06,0.0435,4
29.25,-18.25,2.4575e+06,0.0301,7
30.25,-18.25,2.4575e+06,0.0237,5
30.75,-18.25,2.4575e+06,0.0299,11
31.25,-18.25,2.4575e+06,0.0328,11
31.75,-18.25,2.4575e+06,0.0522,8
32.25,-18.25,2.4575e+06,0.0591,11
44.25,-18.25,2.4575e+06,-0.0461,4
44.75,-18.25,2.4575e+06,-0.0344,17
45.25,-18.25,2.4575e+06,-0.0354,13
45.75,-18.25,2.4575e+06,-0.0266,10
46.25,-18.25,2.4575e+06,-0.0408,5
16.75,-17.75,2.4575e+06,0.1582,5
17.25,-17.75,2.4575e+06,0.1296,11
17.75,-17.75,2.4575e+06,0.1104,15
18.25,-17.75,2.4575e+06,0.1034,14
18.75,-17.75,2.4575e+06,0.0828,17
19.25,-17.75,2.4575e+06,0.0846,16
19.75,-17.75,2.4575e+06,0.1017,13
20.25,-17.75,2.4575e+06,0.0568,18
20.75,-17.75,2.4575e+06,0.0613,19
21.25,-17.75,2.4575e+06,0.0591,23
21.75,-17.75,2.4575e+06,0.0515,14
22.25,-17.75,2.4575e+06,0.0474,5
22.75,-17.75,2.4575e+06,0.0367,4
23.25,-17.75,2.4575e+06,-0.0032,5
24.25,-17.75,2.4575e+06,0.0121,6
25.25,-17.75,2.4575e+06,0.0297,4
25.75,-17.75,2.4575e+06,0.0072,4
26.75,-17.75,2.4575e+06,0.0468,4
27.75,-17.75,2.4575e+06,0.0432,6
28.25,-17.75,2.4575e+06,0.0444,4
28.75,-17.75,2.4575e+06,0.0301,6
29.25,-17.75,2.4575e+06,0.0288,8
29.75,-17.75,2.4575e+06,0.0355,12
30.75,-17.75,2.4575e+06,0.0245,9
31.25,-17.75,2.4575e+06,0.0309,14
31.75,-17.75,2.4575e+06,0.0349,14
32.25,-17.75,2.4575e+06,0.0495,9
32.75,-17.75,2.4575e+06,0.0655,4
45.25,-17.75,2.4575e+06,-0.0458,12
45.75,-17.75,2.4575e+06,-0.0505,4
16.75,-17.25,2.4575e+06,0.1095,10
17.25,-17.25,2.4575e+06,0.0976,14
17.75,-17.25,2.4575e+06,0.0966,12
18.25,-17.25,2.4575e+06,0.0975,13
18.75,-17.25,2.4575e+06,0.1298,15
19.25,-17.25,2.4575e+06,0.1331,16
19.75,-17.25,2.4575e+06,0.0989,20
20.25,-17.25,2.4575e+06,0.0823,20
20.75,-17.25,2.4575e+06,0.0563,18
21.25,-17.25,2.4575e+06,0.0626,18
21.75,-17.25,2.4575e+06,0.0507,21
22.25,-17.25,2.4575e+06,0.0477,9
22.75,-17.25,2.4575e+06,0.0032,7
23.75,-17.25,2.4575e+06,-0.003,4
24.25,-17.25,2.4575e+06,0.0091,6
24.75,-17.25,2.4575e+06,0.0023,11
25.25,-17.25,2.4575e+06,-0.0016,11
25.75,-17.25,2.4575e+06,0.0086,5
28.75,-17.25,2.4575e+06,0.0335,5
29.25,-17.25,2.4575e+06,0.053,5
29.75,-17.25,2.4575e+06,0.0383,11
30.25,-17.25,2.4575e+06,0.0317,9
30.75,-17.25,2.4575e+06,0.032,15
31.25,-17.25,2.4575e+06,0.0374,12
31.75,-17.25,2.4575e+06,0.0438,10
32.25,-17.25,2.4575e+06,0.056,12
44.75,-17.25,2.4575e+06,-0.0314,10
45.75,-17.25,2.4575e+06,-0.0331,22
16.25,-16.75,2.4575e+06,0.1102,4
16.75,-16.75,2.4575e+06,0.1186,7
17.25,-16.75,2.4575e+06,0.1114,8
17.75,-16.75,2.4575e+06,0.0847,12
18.25,-16.75,2.4575e+06,0.0989,15
18.75,-16.75,2.4575e+06,0.1302,14
19.25,-16.75,2.4575e+06,0.1027,15
19.75,-16.75,2.4575e+06,0.098,17
20.25,-16.75,2.4575e+06,0.0978,20
20.75,-16.75,2.4575e+06,0.0794,20
21.25,-16.75,2.4575e+06,0.0734,15
21.75,-16.75,2.4575e+06,0.0394,11
22.25,-16.75,2.4575e+06,0.0426,18
22.75,-16.75,2.4575e+06,0.0424,14
23.25,-16.75,2.4575e+06,0.033,5
24.75,-16.75,2.4575e+06,0.0038,9
25.25,-16.75,2.4575e+06,-0.0045,4
27.75,-16.75,2.4575e+06,0.0396,4
28.75,-16.75,2.4575e+06,0.0241,4
30.75,-16.75,2.4575e+06,0.0443,11
31.25,-16.75,2.4575e+06,0.0397,9
31.75,-16.75,2.4575e+06,0.0485,11
44.75,-16.75,2.4575e+06,-0.0303,13
45.25,-16.75,2.4575e+06,-0.0214,7
45.75,-16.75,2.4575e+06,-0.0326,6
46.25,-16.75,2.4575e+06,-0.0297,6
46.75,-16.75,2.4575e+06,-0.0286,5
15.75,-16.25,2.4575e+06,0.0959,4
16.75,-16.25,2.4575e+06,0.1126,4
17.25,-16.25,2.4575e+06,0.107,6
17.75,-16.25,2.4575e+06,0.0983,13
18.25,-16.25,2.4575e+06,0.1311,13
18.75,-16.25,2.4575e+06,0.1089,16
19.25,-16.25,2.4575e+06,0.1004,16
19.75,-16.25,2.4575e+06,0.0819,19
20.25,-16.25,2.4575e+06,0.0705,18
20.75,-16.25,2.4575e+06,0.0669,17
21.25,-16.25,2.4575e+06,0.0744,22
21.75,-16.25,2.4575e+06,0.0377,18
23.25,-16.25,2.4575e+06,0.018,8
23.75,-16.25,2.4575e+06,0.0494,10
24.25,-16.25,2.4575e+06,0.0047,4
30.25,-16.25,2.4575e+06,0.0722,7
30.75,-16.25,2.4575e+06,0.0399,6
31.25,-16.25,2.4575e+06,0.0426,8
31.75,-16.25,2.4575e+06,0.0378,11
45.25,-16.25,2.4575e+06,-0.028,4
45.75,-16.25,2.4575e+06,-0.0253,9
46.25,-16.25,2.4575e+06,-0.0333,5
47.25,-16.25,2.4575e+06,-0.0179,4
13.75,-15.75,2.4575e+06,0.1038,5
16.25,-15.75,2.4575e+06,0.0843,8
16.75,-15.75,2.4575e+06,0.0876,11
17.25,-15.75,2.4575e+06,0.0828,8
17.75,-15.75,2.4575e+06,0.0863,12
18.25,-15.75,2.4575e+06,0.0982,12
18.75,-15.75,2.4575e+06,0.0961,12
19.25,-15.75,2.4575e+06,0.0859,16
19.75,-15.75,2.4575e+06,0.0819,15
20.25,-15.75,2.4575e+06,0.0608,12
20.75,-15.75,2.4575e+06,0.0271,7
21.25,-15.75,2.4575e+06,0.0315,5
21.75,-15.75,2.4575e+06,0.0589,16
22.25,-15.75,2.4575e+06,0.0376,10
23.25,-15.75,2.4575e+06,0.0438,5
23.75,-15.75,2.4575e+06,0.0095,14
24.25,-15.75,2.4575e+06,0.0057,19
46.75,-15.75,2.4575e+06,-0.0346,7
47.25,-15.75,2.4575e+06,-0.0425,7
47.75,-15.75,2.4575e+06,-0.0169,4
13.75,-15.25,2.4575e+06,0.078,5
14.25,-15.25,2.4575e+06,0.0862,7
15.75,-15.25,2.4575e+06,0.0857,8
16.25,-15.25,2.4575e+06,0.0784,9
16.75,-15.25,2.4575e+06,0.0725,9
17.25,-15.25,2.4575e+06,0.0643,10
17.75,-15.25,2.4575e+06,0.0823,13
18.25,-15.25,2.4575e+06,0.0759,15
18.75,-15.25,2.4575e+06,0.0764,12
19.25,-15.25,2.4575e+06,0.0659,16
19.75,-15.25,2.4575e+06,0.0763,17
20.25,-15.25,2.4575e+06,0.0538,10
21.75,-15.25,2.4575e+06,0.0654,6
22.75,-15.25,2.4575e+06,0.0279,12
23.75,-15.25,2.4575e+06,0.0065,17
24.25,-15.25,2.4575e+06,0.0077,22
24.75,-15.25,2.4575e+06,0.0008,9
25.75,-15.25,2.4575e+06,-0.0132,13
26.25,-15.25,2.4575e+06,-0.004,19
26.75,-15.25,2.4575e+06,-0.0095,10
27.25,-15.25,2.4575e+06,-0.0135,14
47.75,-15.25,2.4575e+06,-0.0299,4
14.25,-14.75,2.4575e+06,0.0616,7
14.75,-14.75,2.4575e+06,0.0761,10
16.25,-14.75,2.4575e+06,0.0833,5
16.75,-14.75,2.4575e+06,0.0728,12
17.25,-14.75,2.4575e+06,0.0645,11
17.75,-14.75,2.4575e+06,0.0636,13
18.25,-14.75,2.4575e+06,0.0824,11
18.75,-14.75,2.4575e+06,0.0729,10
19.25,-14.75,2.4575e+06,0.0734,15
19.75,-14.75,2.4575e+06,0.07,15
20.25,-14.75,2.4575e+06,0.0596,5
21.75,-14.75,2.4575e+06,0.0427,9
22.25,-14.75,2.4575e+06,0.0353,18
22.75,-14.75,2.4575e+06,0.0108,11
23.25,-14.75,2.4575e+06,0.02,10
23.75,-14.75,2.4575e+06,0.0051,11
24.25,-14.75,2.4575e+06,0.0017,21
24.75,-14.75,2.4575e+06,-0.0048,28
25.25,-14.75,2.4575e+06,-0.0112,26
25.75,-14.75,2.4575e+06,-0.0206,22
26.25,-14.75,2.4575e+06,-0.0176,14
27.25,-14.75,2.4575e+06,-0.003,4
14.25,-14.25,2.4575e+06,0.1172,6
14.75,-14.25,2.4575e+06,0.0859,4
16.75,-14.25,2.4575e+06,0.0691,8
17.25,-14.25,2.4575e+06,0.072,10
17.75,-14.25,2.4575e+06,0.0726,11
18.25,-14.25,2.4575e+06,0.0779,13
18.75,-14.25,2.4575e+06,0.0799,12
19.25,-14.25,2.4575e+06,0.0762,14
19.75,-14.25,2.4575e+06,0.0596,17
20.25,-14.25,2.4575e+06,0.061,5
21.75,-14.25,2.4575e+06,0.036,12
22.25,-14.25,2.4575e+06,0.0267,16
22.75,-14.25,2.4575e+06,0.0188,10
23.25,-14.25,2.4575e+06,-0.001,11
23.75,-14.25,2.4575e+06,0.0011,17
24.25,-14.25,2.4575e+06,0.0103,14
24.75,-14.25,2.4575e+06,0.0002,24
25.25,-14.25,2.4575e+06,-0.0095,23
25.75,-14.25,2.4575e+06,-0.011,7
27.25,-14.25,2.4575e+06,0.0294,8
48.25,-14.25,2.4575e+06,0.0013,4
48.75,-14.25,2.4575e+06,0.0535,4
14.25,-13.75,2.4575e+06,0.0833,5
15.75,-13.75,2.4575e+06,0.0709,10
16.75,-13.75,2.4575e+06,0.059,5
17.25,-13.75,2.4575e+06,0.0656,11
17.75,-13.75,2.4575e+06,0.0666,11
18.25,-13.75,2.4575e+06,0.0764,11
18.75,-13.75,2.4575e+06,0.0688,13
19.25,-13.75,2.4575e+06,0.0697,15
19.75,-13.75,2.4575e+06,0.0673,6
20.25,-13.75,2.4575e+06,0.0593,7
21.75,-13.75,2.4575e+06,0.0307,14
22.25,-13.75,2.4575e+06,0.0228,18
22.75,-13.75,2.4575e+06,0.0127,9
23.25,-13.75,2.4575e+06,0.0026,17
23.75,-13.75,2.4575e+06,0.0035,28
24.25,-13.75,2.4575e+06,0.0049,26
24.75,-13.75,2.4575e+06,0,26
25.25,-13.75,2.4575e+06,-0.0045,4
48.75,-13.75,2.4575e+06,0.0024,9
49.25,-13.75,2.4575e+06,0.0503,4
14.75,-13.25,2.4575e+06,0.054,9
15.25,-13.25,2.4575e+06,0.0623,5
16.25,-13.25,2.4575e+06,0.065,7
16.75,-13.25,2.4575e+06,0.0745,8
17.25,-13.25,2.4575e+06,0.068,10
17.75,-13.25,2.4575e+06,0.0634,12
18.25,-13.25,2.4575e+06,0.071,11
18.75,-13.25,2.4575e+06,0.065,9
19.25,-13.25,2.4575e+06,0.0674,10
19.75,-13.25,2.4575e+06,0.0581,14
20.25,-13.25,2.4575e+06,0.0529,13
21.75,-13.25,2.4575e+06,0.0369,16
22.25,-13.25,2.4575e+06,0.0125,17
22.75,-13.25,2.4575e+06,0.0099,7
23.25,-13.25,2.4575e+06,0.0037,25
23.75,-13.25,2.4575e+06,-0.0015,22
24.25,-13.25,2.4575e+06,0.0036,22
24.75,-13.25,2.4575e+06,-0.0002,8
14.75,-12.75,2.4575e+06,0.0709,5
16.25,-12.75,2.4575e+06,0.0505,7
16.75,-12.75,2.4575e+06,0.0525,10
17.25,-12.75,2.4575e+06,0.0582,11
17.75,-12.75,2.4575e+06,0.0578,10
18.25,-12.75,2.4575e+06,0.0606,11
18.75,-12.75,2.4575e+06,0.0613,12
19.25,-12.75,2.4575e+06,0.0651,14
19.75,-12.75,2.4575e+06,0.0637,15
20.25,-12.75,2.4575e+06,0.0562,16
20.75,-12.75,2.4575e+06,0.0492,11
21.25,-12.75,2.4575e+06,0.0464,18
21.75,-12.75,2.4575e+06,0.0415,20
22.25,-12.75,2.4575e+06,0.0215,17
22.75,-12.75,2.4575e+06,0.0027,7
23.25,-12.75,2.4575e+06,0.0084,12
23.75,-12.75,2.4575e+06,0.0084,8
14.75,-12.25,2.4575e+06,0.0753,5
15.75,-12.25,2.4575e+06,0.0539,7
16.25,-12.25,2.4575e+06,0.0495,9
16.75,-12.25,2.4575e+06,0.0416,8
17.25,-12.25,2.4575e+06,0.0424,8
17.75,-12.25,2.4575e+06,0.0518,12
18.25,-12.25,2.4575e+06,0.0555,11
18.75,-12.25,2.4575e+06,0.052,14
19.25,-12.25,2.4575e+06,0.0641,14
19.75,-12.25,2.4575e+06,0.0535,15
20.25,-12.25,2.4575e+06,0.0574,16
20.75,-12.25,2.4575e+06,0.0482,16
21.25,-12.25,2.4575e+06,0.0608,12
21.75,-12.25,2.4575e+06,0.0621,10
22.25,-12.25,2.4575e+06,0.0495,8
22.75,-12.25,2.4575e+06,0.0287,5
14.75,-11.75,2.4575e+06,0.0683,5
15.25,-11.75,2.4575e+06,0.0593,6
15.75,-11.75,2.4575e+06,0.0703,6
16.25,-11.75,2.4575e+06,0.0478,9
16.75,-11.75,2.4575e+06,0.0408,8
17.25,-11.75,2.4575e+06,0.0492,12
17.75,-11.75,2.4575e+06,0.0518,11
18.25,-11.75,2.4575e+06,0.0581,12
18.75,-11.75,2.4575e+06,0.0572,12
19.25,-11.75,2.4575e+06,0.0591,11
19.75,-11.75,2.4575e+06,0.0454,12
20.25,-11.75,2.4575e+06,0.0509,16
20.75,-11.75,2.4575e+06,0.0586,14
22.25,-11.75,2.4575e+06,0.0453,11
22.75,-11.75,2.4575e+06,0.0282,6
23.25,-11.75,2.4575e+06,0.0031,6
23.75,-11.75,2.4575e+06,0.0008,8
24.25,-11.75,2.4575e+06,0.0006,10
15.25,-11.25,2.4575e+06,0.0502,9
15.75,-11.25,2.4575e+06,0.0548,9
16.25,-11.25,2.4575e+06,0.0628,5
16.75,-11.25,2.4575e+06,0.0601,12
17.25,-11.25,2.4575e+06,0.0632,6
17.75,-11.25,2.4575e+06,0.058,9
18.25,-11.25,2.4575e+06,0.0621,11
18.75,-11.25,2.4575e+06,0.0635,12
19.25,-11.25,2.4575e+06,0.0706,14
19.75,-11.25,2.4575e+06,0.0642,12
20.25,-11.25,2.4575e+06,0.0598,16
20.75,-11.25,2.4575e+06,0.0613,18
21.25,-11.25,2.4575e+06,0.0629,16
21.75,-11.25,2.4575e+06,0.0465,13
22.25,-11.25,2.4575e+06,0.021,7
23.25,-11.25,2.4575e+06,-0.0034,13
23.75,-11.25,2.4575e+06,-0.0058,27
24.25,-11.25,2.4575e+06,-0.008,21
15.25,-10.75,2.4575e+06,0.0459,6
15.75,-10.75,2.4575e+06,0.0659,8
16.25,-10.75,2.4575e+06,0.0688,9
16.75,-10.75,2.4575e+06,0.0662,5
17.25,-10.75,2.4575e+06,0.0656,9
17.75,-10.75,2.4575e+06,0.0592,11
18.25,-10.75,2.4575e+06,0.0723,11
18.75,-10.75,2.4575e+06,0.0793,13
19.25,-10.75,2.4575e+06,0.0701,11
19.75,-10.75,2.4575e+06,0.0709,14
20.25,-10.75,2.4575e+06,0.0652,9
20.75,-10.75,2.4575e+06,0.0627,17
21.25,-10.75,2.4575e+06,0.0511,19
21.75,-10.75,2.4575e+06,0.0466,6
23.25,-10.75,2.4575e+06,-0.005,20
23.75,-10.75,2.4575e+06,-0.0016,26
24.25,-10.75,2.4575e+06,-0.0044,26
24.75,-10.75,2.4575e+06,-0.0016,19
25.25,-10.75,2.4575e+06,-0.0077,6
25.75,-10.75,2.4575e+06,-0.0229,5
27.25,-10.75,2.4575e+06,0.0088,6
15.25,-10.25,2.4575e+06,0.0547,5
15.75,-10.25,2.4575e+06,0.0709,5
16.25,-10.25,2.4575e+06,0.0723,8
16.75,-10.25,2.4575e+06,0.0789,7
17.25,-10.25,2.4575e+06,0.077,8
17.75,-10.25,2.4575e+06,0.0739,7
18.25,-10.25,2.4575e+06,0.0848,11
18.75,-10.25,2.4575e+06,0.0771,11
19.25,-10.25,2.4575e+06,0.0767,15
19.75,-10.25,2.4575e+06,0.0696,13
20.25,-10.25,2.4575e+06,0.0649,12
20.75,-10.25,2.4575e+06,0.0459,16
21.25,-10.25,2.4575e+06,0.0333,8
22.25,-10.25,2.4575e+06,0.0262,9
22.75,-10.25,2.4575e+06,0.0173,4
23.25,-10.25,2.4575e+06,-0.007,9
23.75,-10.25,2.4575e+06,-0.0065,20
24.25,-10.25,2.4575e+06,-0.0025,23
24.75,-10.25,2.4575e+06,0.0036,22
25.25,-10.25,2.4575e+06,0.0038,24
25.75,-10.25,2.4575e+06,-0.0072,14
27.25,-10.25,2.4575e+06,-0.0296,16
15.25,-9.75,2.4575e+06,0.0775,5
15.75,-9.75,2.4575e+06,0.0839,6
16.25,-9.75,2.4575e+06,0.0746,6
16.75,-9.75,2.4575e+06,0.0697,10
17.25,-9.75,2.4575e+06,0.0732,8
17.75,-9.75,2.4575e+06,0.0888,9
18.25,-9.75,2.4575e+06,0.0916,8
18.75,-9.75,2.4575e+06,0.0862,10
19.25,-9.75,2.4575e+06,0.077,9
19.75,-9.75,2.4575e+06,0.0653,13
20.25,-9.75,2.4575e+06,0.0557,15
20.75,-9.75,2.4575e+06,0.0401,15
21.25,-9.75,2.4575e+06,0.0313,11
21.75,-9.75,2.4575e+06,0.0591,16
22.25,-9.75,2.4575e+06,0.0977,7
22.75,-9.75,2.4575e+06,0.0573,18
23.25,-9.75,2.4575e+06,0.0874,18
23.75,-9.75,2.4575e+06,0.0737,11
24.25,-9.75,2.4575e+06,0.0502,11
25.25,-9.75,2.4575e+06,0.0714,7
25.75,-9.75,2.4575e+06,0.0668,6
26.25,-9.75,2.4575e+06,0.0558,8
15.75,-9.25,2.4575e+06,0.0906,9
16.25,-9.25,2.4575e+06,0.0838,9
16.75,-9.25,2.4575e+06,0.0752,5
17.25,-9.25,2.4575e+06,0.0824,10
17.75,-9.25,2.4575e+06,0.0851,6
18.25,-9.25,2.4575e+06,0.0845,9
18.75,-9.25,2.4575e+06,0.0815,12
19.25,-9.25,2.4575e+06,0.086,8
19.75,-9.25,2.4575e+06,0.0768,5
20.25,-9.25,2.4575e+06,0.0591,8
20.75,-9.25,2.4575e+06,0.0331,15
21.25,-9.25,2.4575e+06,0.0327,18
21.75,-9.25,2.4575e+06,0.0703,13
22.25,-9.25,2.4575e+06,0.1111,6
22.75,-9.25,2.4575e+06,0.118,9
23.25,-9.25,2.4575e+06,0.1263,14
23.75,-9.25,2.4575e+06,0.1642,14
24.75,-9.25,2.4575e+06,0.0634,4
25.25,-9.25,2.4575e+06,0.0938,21
25.75,-9.25,2.4575e+06,0.0993,17
26.25,-9.25,2.4575e+06,0.1399,8
26.75,-9.25,2.4575e+06,0.3754,4
27.25,-9.25,2.4575e+06,0.0753,5
29.75,-9.25,2.4575e+06,0.0331,5
15.75,-8.75,2.4575e+06,0.1066,6
16.25,-8.75,2.4575e+06,0.0929,6
16.75,-8.75,2.4575e+06,0.0953,8
17.25,-8.75,2.4575e+06,0.0926,7
17.75,-8.75,2.4575e+06,0.0915,7
20.75,-8.75,2.4575e+06,0.0609,4
21.75,-8.75,2.4575e+06,0.2066,4
24.25,-8.75,2.4575e+06,0.0697,4
24.75,-8.75,2.4575e+06,0.0378,5
25.25,-8.75,2.4575e+06,0.0839,12
26.25,-8.75,2.4575e+06,0.1679,12
16.75,-8.25,2.4575e+06,0.1005,8
17.25,-8.25,2.4575e+06,0.1113,6
22.25,-8.25,2.4575e+06,0.0311,10
22.75,-8.25,2.4575e+06,0.0307,5
23.25,-8.25,2.4575e+06,0.0292,10
23.75,-8.25,2.4575e+06,0.0062,6
24.25,-8.25,2.4575e+06,0.04,10
24.75,-8.25,2.4575e+06,0.056,7
25.25,-8.25,2.4575e+06,0.1952,4
25.75,-8.25,2.4575e+06,0.2078,7
26.75,-8.25,2.4575e+06,0.2757,4
28.75,-8.25,2.4575e+06,0.2944,4
31.25,-8.25,2.4575e+06,0.0342,7
17.25,-7.75,2.4575e+06,0.1515,6
22.25,-7.75,2.4575e+06,0.0478,8
22.75,-7.75,2.4575e+06,0.0166,7
23.25,-7.75,2.4575e+06,0.0316,5
24.25,-7.75,2.4575e+06,0.0104,21
24.75,-7.75,2.4575e+06,0.0224,16
25.25,-7.75,2.4575e+06,0.0616,15
25.75,-7.75,2.4575e+06,0.0632,21
26.25,-7.75,2.4575e+06,0.06,16
26.75,-7.75,2.4575e+06,0.0103,11
27.25,-7.75,2.4575e+06,0.0738,13
27.75,-7.75,2.4575e+06,0.2222,5
28.25,-7.75,2.4575e+06,0.3142,12
28.75,-7.75,2.4575e+06,0.251,9
29.75,-7.75,2.4575e+06,0.1256,10
30.75,-7.75,2.4575e+06,0.0637,5
31.25,-7.75,2.4575e+06,0.0293,4
19.75,-7.25,2.4575e+06,0.2122,6
20.25,-7.25,2.4575e+06,0.1369,7
20.75,-7.25,2.4575e+06,0.1202,9
21.25,-7.25,2.4575e+06,0.1414,5
21.75,-7.25,2.4575e+06,0.1012,4
22.25,-7.25,2.4575e+06,0.0519,12
22.75,-7.25,2.4575e+06,0.0293,4
23.75,-7.25,2.4575e+06,-0.0011,5
24.25,-7.25,2.4575e+06,0.0201,10
24.75,-7.25,2.4575e+06,0.0117,7
25.25,-7.25,2.4575e+06,0.0271,11
25.75,-7.25,2.4575e+06,0.0207,5
26.25,-7.25,2.4575e+06,0.0379,15
26.75,-7.25,2.4575e+06,0.0521,25
27.25,-7.25,2.4575e+06,0.0946,19
27.75,-7.25,2.4575e+06,0.1329,7
28.25,-7.25,2.4575e+06,0.2291,10
17.75,-6.75,2.4575e+06,0.3832,4
19.25,-6.75,2.4575e+06,0.236,6
19.75,-6.75,2.4575e+06,0.1742,4
20.25,-6.75,2.4575e+06,0.1462,5
21.75,-6.75,2.4575e+06,0.1771,10
22.25,-6.75,2.4575e+06,0.0774,9
22.75,-6.75,2.4575e+06,0.045,10
23.25,-6.75,2.4575e+06,0.044,8
23.75,-6.75,2.4575e+06,0.0206,7
21.25,-5.75,2.4575e+06,0.1055,4
26.25,-5.75,2.4575e+06,0.0305,6
26.75,-5.75,2.4575e+06,0.0261,4
21.75,-5.25,2.4575e+06,0.1117,5
22.25,-5.25,2.4575e+06,0.0706,5
22.75,-5.25,2.4575e+06,0.064,11
23.25,-5.25,2.4575e+06,0.0555,12
28.25,-5.25,2.4575e+06,0.0749,6
28.75,-5.25,2.4575e+06,0.1282,10
31.25,-5.25,2.4575e+06,0.0472,6
22.25,-4.75,2.4575e+06,0.083,14
22.75,-4.75,2.4575e+06,0.0602,18
23.25,-4.75,2.4575e+06,0.0703,11
27.75,-4.75,2.4575e+06,0.0572,7
28.25,-4.75,2.4575e+06,0.0491,20
28.75,-4.75,2.4575e+06,0.1193,4
21.75,-4.25,2.4575e+06,0.1457,4
22.25,-4.25,2.4575e+06,0.0832,15
22.75,-4.25,2.4575e+06,0.0819,18
23.25,-4.25,2.4575e+06,0.0824,12
26.25,-4.25,2.4575e+06,-0.0263,4
26.75,-4.25,2.4575e+06,0.0107,6
27.25,-4.25,2.4575e+06,0.1474,5
27.75,-4.25,2.4575e+06,0.068,10
28.25,-4.25,2.4575e+06,0.0438,8
22.75,-3.75,2.4575e+06,0.1621,12
23.25,-3.75,2.4575e+06,0.0781,9
27.75,-3.75,2.4575e+06,0.0109,9
103.75,-3.75,2.4575e+06,0.0538,4
22.75,-3.25,2.4575e+06,0.1336,6
23.25,-3.25,2.4575e+06,0.0875,6
27.75,-3.25,2.4575e+06,0.0063,6
28.25,-3.25,2.4575e+06,0.0043,4
29.25,-3.25,2.4575e+06,0.1127,7
34.75,-3.25,2.4575e+06,0.0705,8
28.25,-2.75,2.4575e+06,0.0025,17
28.75,-2.75,2.4575e+06,-0.0154,4
104.25,-2.75,2.4575e+06,0.0556,7
104.75,-2.75,2.4575e+06,0.0326,6
27.25,-2.25,2.4575e+06,0.0051,12
27.75,-2.25,2.4575e+06,0.002,7
28.25,-2.25,2.4575e+06,0.0006,22
33.75,-2.25,2.4575e+06,0.0386,5
34.25,-2.25,2.4575e+06,0.0666,7
34.75,-2.25,2.4575e+06,0.085,5
27.25,-1.75,2.4575e+06,0.0014,18
27.75,-1.75,2.4575e+06,-0.0011,17
28.25,-1.75,2.4575e+06,0.0018,13
28.75,-1.75,2.4575e+06,0.025,8
33.75,-1.75,2.4575e+06,0.0434,11
34.25,-1.75,2.4575e+06,0.0953,5
27.25,-1.25,2.4575e+06,0.1135,7
27.75,-1.25,2.4575e+06,0.0642,11
28.25,-1.25,2.4575e+06,0.0071,7
28.75,-1.25,2.4575e+06,0.07,9
29.25,-1.25,2.4575e+06,0.068,16
29.75,-1.25,2.4575e+06,0.1161,6
35.25,-1.25,2.4575e+06,0.1621,4
27.75,-0.75,2.4575e+06,0.0735,11
28.75,-0.75,2.4575e+06,0.0187,7
29.25,-0.75,2.4575e+06,0.0656,6
29.75,-0.75,2.4575e+06,0.1239,6
27.75,-0.25,2.4575e+06,0.0062,14
28.25,-0.25,2.4575e+06,0.0175,5
27.75,0.25,2.4575e+06,0.0067,14
28.25,0.25,2.4575e+06,0.0847,18
29.25,0.25,2.4575e+06,0.0521,4
28.25,0.75,2.4575e+06,0.0831,13
28.75,0.75,2.4575e+06,0.0525,10
29.25,0.75,2.4575e+06,0.0102,13
30.25,0.75,2.4575e+06,0.085,6
28.25,1.25,2.4575e+06,0.0661,7
28.75,1.25,2.4575e+06,0.0039,13
29.25,1.25,2.4575e+06,0.0298,12
30.25,1.25,2.4575e+06,0.0561,11
33.25,1.25,2.4575e+06,0.1579,5
33.75,1.25,2.4575e+06,0.1447,5
35.75,1.25,2.4575e+06,0.1359,4
28.25,1.75,2.4575e+06,0.0038,8
28.75,1.75,2.4575e+06,0.0015,18
29.25,1.75,2.4575e+06,0.0062,7
30.25,1.75,2.4575e+06,0.048,8
33.25,1.75,2.4575e+06,0.0734,5
33.75,1.75,2.4575e+06,0.0924,12
34.25,1.75,2.4575e+06,0.116,4
34.75,1.75,2.4575e+06,0.127,5
35.25,1.75,2.4575e+06,0.1299,7
103.75,1.75,2.4575e+06,0.1312,5
104.25,1.75,2.4575e+06,0.1331,4
28.25,2.25,2.4575e+06,-0.0007,4
28.75,2.25,2.4575e+06,0.0022,8
29.25,2.25,2.4575e+06,0.0156,11
29.75,2.25,2.4575e+06,0.0595,10
32.25,2.25,2.4575e+06,0.1448,4
103.25,2.25,2.4575e+06,0.1178,7
103.75,2.25,2.4575e+06,0.1969,10
28.25,2.75,2.4575e+06,0.007,4
28.75,2.75,2.4575e+06,0.0027,14
29.25,2.75,2.4575e+06,0.0344,4
29.75,2.75,2.4575e+06,0.0638,9
30.25,2.75,2.4575e+06,0.1294,4
31.75,2.75,2.4575e+06,0.1292,4
28.75,3.25,2.4575e+06,0.0128,6
31.75,3.25,2.4575e+06,0.0799,4
33.25,3.25,2.4575e+06,0.0441,7
28.75,3.75,2.4575e+06,0.0458,12
29.75,3.75,2.4575e+06,0.0183,4
30.25,3.75,2.4575e+06,0.0413,4
32.25,3.75,2.4575e+06,0.0497,5
32.75,3.75,2.4575e+06,0.05,8
33.25,3.75,2.4575e+06,0.0299,6
21.75,4.25,2.4575e+06,0.0989,5
29.25,4.25,2.4575e+06,0.0738,9
29.75,4.25,2.4575e+06,0.0559,17
30.25,4.25,2.4575e+06,0.0414,5
32.25,4.25,2.4575e+06,0.0537,4
32.75,4.25,2.4575e+06,0.0497,5
33.25,4.25,2.4575e+06,0.0606,10
29.75,4.75,2.4575e+06,0.0743,12
30.25,4.75,2.4575e+06,0.0922,15
30.75,4.75,2.4575e+06,0.0686,8
31.25,4.75,2.4575e+06,0.0453,7
31.75,4.75,2.4575e+06,0.0324,8
32.25,4.75,2.4575e+06,0.0886,6
32.75,4.75,2.4575e+06,0.0909,8
35.25,4.75,2.4575e+06,0.0875,4
36.25,4.75,2.4575e+06,0.1452,9
29.25,5.25,2.4575e+06,0.0776,4
31.75,5.25,2.4575e+06,0.1676,6
35.25,5.25,2.4575e+06,0.1642,4
36.75,5.25,2.4575e+06,0.0788,5
29.75,5.75,2.4575e+06,0.1066,10
36.25,5.75,2.4575e+06,0.1351,7
21.25,6.25,2.4575e+06,0.2455,7
22.25,6.25,2.4575e+06,0.1948,4
30.25,6.25,2.4575e+06,0.1396,9
32.25,6.25,2.4575e+06,0.3791,4
35.75,6.25,2.4575e+06,0.1526,5
36.25,6.25,2.4575e+06,0.1304,7
21.75,6.75,2.4575e+06,0.1596,12
22.25,6.75,2.4575e+06,0.1528,10
22.75,6.75,2.4575e+06,0.146,8
23.25,6.75,2.4575e+06,0.1718,6
32.25,6.75,2.4575e+06,0.2495,17
32.75,6.75,2.4575e+06,0.2015,6
33.75,6.75,2.4575e+06,0.1098,6
34.25,6.75,2.4575e+06,0.1325,7
21.75,7.25,2.4575e+06,0.2213,7
22.25,7.25,2.4575e+06,0.1641,8
22.75,7.25,2.4575e+06,0.1298,10
23.25,7.25,2.4575e+06,0.1606,13
23.75,7.25,2.4575e+06,0.1544,15
24.25,7.25,2.4575e+06,0.1418,5
33.75,7.25,2.4575e+06,0.1881,8
34.25,7.25,2.4575e+06,0.2143,10
34.75,7.25,2.4575e+06,0.247,5
23.25,7.75,2.4575e+06,0.131,10
23.75,7.75,2.4575e+06,0.1399,10
24.25,7.75,2.4575e+06,0.1284,7
32.75,7.75,2.4575e+06,0.6273,4
29.75,8.25,2.4575e+06,0.2014,5
30.25,8.25,2.4575e+06,0.1805,19
30.75,8.25,2.4575e+06,0.2667,12
31.25,8.25,2.4575e+06,0.1431,9
30.25,8.75,2.4575e+06,0.2175,16
31.75,8.75,2.4575e+06,0.4567,5
32.25,8.75,2.4575e+06,0.3199,4
33.25,8.75,2.4575e+06,0.5779,4
33.75,8.75,2.4575e+06,0.4174,5
35.25,8.75,2.4575e+06,0.4386,6
30.25,9.25,2.4575e+06,0.1601,9
30.75,9.25,2.4575e+06,0.1728,6
31.75,9.25,2.4575e+06,0.3091,13
32.25,9.25,2.4575e+06,0.2972,4
32.75,9.25,2.4575e+06,0.4719,5
33.25,9.25,2.4575e+06,0.3668,15
33.75,9.25,2.4575e+06,0.2405,13
34.25,9.25,2.4575e+06,0.3243,4
34.75,9.25,2.4575e+06,0.3693,8
35.25,9.25,2.4575e+06,0.3957,13
35.75,9.25,2.4575e+06,0.4537,14
36.25,9.25,2.4575e+06,0.5525,14
36.75,9.25,2.4575e+06,0.6644,4
30.75,9.75,2.4575e+06,0.153,11
31.25,9.75,2.4575e+06,0.2814,11
31.75,9.75,2.4575e+06,0.2839,5
32.75,9.75,2.4575e+06,0.3414,4
33.25,9.75,2.4575e+06,0.1912,10
33.75,9.75,2.4575e+06,0.2311,10
34.25,9.75,2.4575e+06,0.2887,8
34.75,9.75,2.4575e+06,0.2396,19
35.25,9.75,2.4575e+06,0.2704,18
35.75,9.75,2.4575e+06,0.5266,16
36.25,9.75,2.4575e+06,0.6023,8
36.75,9.75,2.4575e+06,0.6819,14
30.75,10.25,2.4575e+06,-0.0502,8
31.25,10.25,2.4575e+06,-0.0034,22
32.25,10.25,2.4575e+06,0.1502,10
33.25,10.25,2.4575e+06,0.2059,4
33.75,10.25,2.4575e+06,0.2822,16
34.25,10.25,2.4575e+06,0.1783,20
34.75,10.25,2.4575e+06,0.207,19
35.25,10.25,2.4575e+06,0.3967,18
35.75,10.25,2.4575e+06,0.5525,16
36.25,10.25,2.4575e+06,0.6675,15
36.75,10.25,2.4575e+06,0.8303,9
37.25,10.25,2.4575e+06,0.9579,13
30.75,10.75,2.4575e+06,0.0434,5
31.25,10.75,2.4575e+06,-0.018,7
33.25,10.75,2.4575e+06,0.2051,4
33.75,10.75,2.4575e+06,0.2014,15
34.25,10.75,2.4575e+06,0.149,19
34.75,10.75,2.4575e+06,0.1652,9
35.25,10.75,2.4575e+06,0.4631,16
35.75,10.75,2.4575e+06,0.5309,17
36.25,10.75,2.4575e+06,0.6309,15
36.75,10.75,2.4575e+06,0.8028,10
37.25,10.75,2.4575e+06,0.983,6
30.75,11.25,2.4575e+06,0.0503,15
31.25,11.25,2.4575e+06,0.0192,10
33.75,11.25,2.4575e+06,0.1674,9
34.25,11.25,2.4575e+06,0.2299,11
34.75,11.25,2.4575e+06,0.3275,16
35.25,11.25,2.4575e+06,0.4869,10
35.75,11.25,2.4575e+06,0.6886,12
36.25,11.25,2.4575e+06,0.7012,16
36.75,11.25,2.4575e+06,0.865,8
37.25,11.25,2.4575e+06,0.746,5
105.25,11.25,2.4575e+06,0.0878,11
107.75,11.25,2.4575e+06,0.4599,6
108.25,11.25,2.4575e+06,0.5467,5
34.75,11.75,2.4575e+06,0.4259,11
35.25,11.75,2.4575e+06,0.4945,15
35.75,11.75,2.4575e+06,0.7179,18
36.25,11.75,2.4575e+06,0.6634,17
36.75,11.75,2.4575e+06,0.8454,10
37.25,11.75,2.4575e+06,0.9016,5
37.75,11.75,2.4575e+06,0.8664,6
105.25,11.75,2.4575e+06,0.2073,4
106.75,11.75,2.4575e+06,0.4233,7
107.25,11.75,2.4575e+06,0.3814,4
107.75,11.75,2.4575e+06,0.3454,18
108.25,11.75,2.4575e+06,0.2845,21
108.75,11.75,2.4575e+06,0.3289,15
34.75,12.25,2.4575e+06,0.4191,14
35.25,12.25,2.4575e+06,0.5288,13
35.75,12.25,2.4575e+06,0.5796,7
36.25,12.25,2.4575e+06,0.5379,16
36.75,12.25,2.4575e+06,0.6991,15
37.75,12.25,2.4575e+06,0.7003,9
105.25,12.25,2.4575e+06,0.2982,6
105.75,12.25,2.4575e+06,0.3506,6
106.25,12.25,2.4575e+06,0.2334,13
106.75,12.25,2.4575e+06,0.3498,24
107.25,12.25,2.4575e+06,0.2937,17
107.75,12.25,2.4575e+06,0.2923,20
108.25,12.25,2.4575e+06,0.3384,22
108.75,12.25,2.4575e+06,0.3926,20
109.25,12.25,2.4575e+06,0.5158,5
35.75,12.75,2.4575e+06,0.4785,4
36.25,12.75,2.4575e+06,0.5371,4
36.75,12.75,2.4575e+06,0.4839,12
37.25,12.75,2.4575e+06,0.6235,16
37.75,12.75,2.4575e+06,0.6997,7
99.25,12.75,2.4575e+06,0.269,7
105.25,12.75,2.4575e+06,0.4623,10
105.75,12.75,2.4575e+06,0.58,18
106.25,12.75,2.4575e+06,0.3388,22
106.75,12.75,2.4575e+06,0.3904,27
107.25,12.75,2.4575e+06,0.3305,26
107.75,12.75,2.4575e+06,0.3252,25
108.25,12.75,2.4575e+06,0.3833,22
108.75,12.75,2.4575e+06,0.4859,22
109.25,12.75,2.4575e+06,0.5253,9
33.25,13.25,2.4575e+06,0.3186,14
36.25,13.25,2.4575e+06,0.4679,12
36.75,13.25,2.4575e+06,0.5456,6
37.25,13.25,2.4575e+06,0.6369,14
37.75,13.25,2.4575e+06,0.7026,15
38.25,13.25,2.4575e+06,0.4941,10
98.75,13.25,2.4575e+06,0.2657,4
99.25,13.25,2.4575e+06,0.2852,9
105.25,13.25,2.4575e+06,0.4324,15
105.75,13.25,2.4575e+06,0.6502,19
106.25,13.25,2.4575e+06,0.6175,15
106.75,13.25,2.4575e+06,0.4109,26
107.25,13.25,2.4575e+06,0.3516,21
107.75,13.25,2.4575e+06,0.3495,20
108.25,13.25,2.4575e+06,0.419,22
108.75,13.25,2.4575e+06,0.5329,15
109.25,13.25,2.4575e+06,0.5674,10
32.75,13.75,2.4575e+06,0.2204,7
33.25,13.75,2.4575e+06,0.1253,13
33.75,13.75,2.4575e+06,0.4462,16
34.25,13.75,2.4575e+06,0.4448,4
35.25,13.75,2.4575e+06,0.3241,4
36.25,13.75,2.4575e+06,0.4635,6
36.75,13.75,2.4575e+06,0.514,10
37.25,13.75,2.4575e+06,0.4016,6
37.75,13.75,2.4575e+06,0.6549,12
38.25,13.75,2.4575e+06,0.6687,12
38.75,13.75,2.4575e+06,0.7198,5
98.75,13.75,2.4575e+06,0.3217,6
99.25,13.75,2.4575e+06,0.3724,8
105.25,13.75,2.4575e+06,0.5485,11
105.75,13.75,2.4575e+06,0.6504,23
106.25,13.75,2.4575e+06,0.6012,26
106.75,13.75,2.4575e+06,0.6254,28
107.25,13.75,2.4575e+06,0.6326,16
107.75,13.75,2.4575e+06,0.3587,22
108.25,13.75,2.4575e+06,0.2806,20
108.75,13.75,2.4575e+06,0.3549,22
109.25,13.75,2.4575e+06,0.5134,9
32.75,14.25,2.4575e+06,0.3321,4
33.75,14.25,2.4575e+06,0.2048,12
34.25,14.25,2.4575e+06,0.2294,4
36.25,14.25,2.4575e+06,0.3746,4
36.75,14.25,2.4575e+06,0.4702,5
74.75,14.25,2.4575e+06,0.3531,10
98.75,14.25,2.4575e+06,0.3904,8
99.25,14.25,2.4575e+06,0.3708,12
105.25,14.25,2.4575e+06,0.6628,5
105.75,14.25,2.4575e+06,0.828,18
106.25,14.25,2.4575e+06,0.623,23
106.75,14.25,2.4575e+06,0.5452,22
107.25,14.25,2.4575e+06,0.7331,19
107.75,14.25,2.4575e+06,0.6989,19
108.25,14.25,2.4575e+06,0.3481,23
108.75,14.25,2.4575e+06,0.4166,21
109.25,14.25,2.4575e+06,0.5202,6
33.75,14.75,2.4575e+06,0.0393,4
74.25,14.75,2.4575e+06,0.3745,6
74.75,14.75,2.4575e+06,0.3582,11
98.75,14.75,2.4575e+06,0.3822,10
99.25,14.75,2.4575e+06,0.4179,11
105.75,14.75,2.4575e+06,0.79,12
106.25,14.75,2.4575e+06,0.6565,21
106.75,14.75,2.4575e+06,0.5826,24
107.25,14.75,2.4575e+06,1,24
107.75,14.75,2.4575e+06,0.7304,23
108.25,14.75,2.4575e+06,0.4424,21
108.75,14.75,2.4575e+06,0.4622,24
35.25,15.25,2.4575e+06,0.2549,4
74.25,15.25,2.4575e+06,0.3719,12
74.75,15.25,2.4575e+06,0.3056,8
99.25,15.25,2.4575e+06,0.4254,16
105.75,15.25,2.4575e+06,0.8694,11
106.25,15.25,2.4575e+06,0.5645,22
106.75,15.25,2.4575e+06,0.6078,26
107.25,15.25,2.4575e+06,0.7467,16
107.75,15.25,2.4575e+06,0.7009,20
108.25,15.25,2.4575e+06,0.5928,25
108.75,15.25,2.4575e+06,0.6614,12
73.75,15.75,2.4575e+06,0.3819,7
74.25,15.75,2.4575e+06,0.2969,14
74.75,15.75,2.4575e+06,0.2531,8
75.25,15.75,2.4575e+06,0.3683,4
98.75,15.75,2.4575e+06,0.4041,6
99.25,15.75,2.4575e+06,0.4483,7
105.75,15.75,2.4575e+06,0.8757,9
106.25,15.75,2.4575e+06,1.0325,29
106.75,15.75,2.4575e+06,0.8267,26
107.25,15.75,2.4575e+06,0.6391,18
107.75,15.75,2.4575e+06,0.7278,26
108.25,15.75,2.4575e+06,0.8512,18
73.75,16.25,2.4575e+06,0.3004,11
74.25,16.25,2.4575e+06,0.2649,12
74.75,16.25,2.4575e+06,0.3339,14
75.25,16.25,2.4575e+06,0.4574,6
98.75,16.25,2.4575e+06,0.4463,8
99.25,16.25,2.4575e+06,0.5035,8
105.75,16.25,2.4575e+06,0.9578,6
106.25,16.25,2.4575e+06,0.917,26
106.75,16.25,2.4575e+06,0.727,23
107.25,16.25,2.4575e+06,0.8056,22
107.75,16.25,2.4575e+06,0.7386,20
73.25,16.75,2.4575e+06,0.2324,5
73.75,16.75,2.4575e+06,0.2485,12
74.25,16.75,2.4575e+06,0.3475,11
74.75,16.75,2.4575e+06,0.3743,12
75.25,16.75,2.4575e+06,0.5289,9
98.75,16.75,2.4575e+06,0.4771,5
99.25,16.75,2.4575e+06,0.4807,7
106.25,16.75,2.4575e+06,1.0543,22
106.75,16.75,2.4575e+06,0.7267,23
107.25,16.75,2.4575e+06,0.9926,13
73.25,17.25,2.4575e+06,0.23,5
73.75,17.25,2.4575e+06,0.2058,10
74.25,17.25,2.4575e+06,0.2618,14
74.75,17.25,2.4575e+06,0.2885,9
81.25,17.25,2.4575e+06,0.0756,6
81.75,17.25,2.4575e+06,0.0793,18
82.25,17.25,2.4575e+06,0.27,19
82.75,17.25,2.4575e+06,0.4097,7
99.25,17.25,2.4575e+06,0.5913,12
106.25,17.25,2.4575e+06,1.1383,18
106.75,17.25,2.4575e+06,0.904,16
73.25,17.75,2.4575e+06,0.1772,7
73.75,17.75,2.4575e+06,0.1872,12
74.25,17.75,2.4575e+06,0.2336,7
75.25,17.75,2.4575e+06,0.3837,7
81.75,17.75,2.4575e+06,0.0898,16
82.25,17.75,2.4575e+06,0.0658,24
82.75,17.75,2.4575e+06,0.2324,26
83.25,17.75,2.4575e+06,0.3585,16
99.25,17.75,2.4575e+06,0.6129,5
99.75,17.75,2.4575e+06,0.7553,8
106.25,17.75,2.4575e+06,1.0311,12
73.25,18.25,2.4575e+06,0.1547,11
73.75,18.25,2.4575e+06,0.1581,7
74.25,18.25,2.4575e+06,0.2593,9
74.75,18.25,2.4575e+06,0.2961,6
81.75,18.25,2.4575e+06,0.0971,12
82.25,18.25,2.4575e+06,0.0462,13
82.75,18.25,2.4575e+06,0.0571,10
83.25,18.25,2.4575e+06,0.1507,27
83.75,18.25,2.4575e+06,0.3084,19
97.75,18.25,2.4575e+06,0.5081,7
98.25,18.25,2.4575e+06,0.2943,6
100.25,18.25,2.4575e+06,0.7985,6
109.25,18.25,2.4575e+06,0.7063,7
73.25,18.75,2.4575e+06,0.1519,5
73.75,18.75,2.4575e+06,0.1746,10
74.75,18.75,2.4575e+06,0.2607,5
75.25,18.75,2.4575e+06,0.2429,4
81.75,18.75,2.4575e+06,0.0341,6
82.25,18.75,2.4575e+06,0.0703,19
82.75,18.75,2.4575e+06,0.0383,6
83.25,18.75,2.4575e+06,0.161,26
83.75,18.75,2.4575e+06,0.2456,25
84.25,18.75,2.4575e+06,0.3275,21
95.75,18.75,2.4575e+06,0.5731,6
96.25,18.75,2.4575e+06,0.58,6
98.75,18.75,2.4575e+06,0.3711,4
108.75,18.75,2.4575e+06,0.8299,12
109.25,18.75,2.4575e+06,0.7158,22
109.75,18.75,2.4575e+06,0.7179,13
110.25,18.75,2.4575e+06,0.7099,12
73.25,19.25,2.4575e+06,0.1994,9
73.75,19.25,2.4575e+06,0.1584,10
74.25,19.25,2.4575e+06,0.2381,4
74.75,19.25,2.4575e+06,0.2777,8
75.25,19.25,2.4575e+06,0.2689,7
75.75,19.25,2.4575e+06,0.2919,16
82.25,19.25,2.4575e+06,0.0839,4
82.75,19.25,2.4575e+06,0.1166,11
83.25,19.25,2.4575e+06,0.0941,24
83.75,19.25,2.4575e+06,0.1621,25
84.25,19.25,2.4575e+06,0.1774,22
84.75,19.25,2.4575e+06,0.3781,17
97.25,19.25,2.4575e+06,0.5577,6
98.75,19.25,2.4575e+06,0.5741,4
99.25,19.25,2.4575e+06,0.4909,7
99.75,19.25,2.4575e+06,0.5909,5
108.75,19.25,2.4575e+06,0.8156,11
109.25,19.25,2.4575e+06,0.8026,21
109.75,19.25,2.4575e+06,0.8381,19
110.25,19.25,2.4575e+06,0.8405,19
110.75,19.25,2.4575e+06,0.9376,4
72.75,19.75,2.4575e+06,0.2243,5
73.25,19.75,2.4575e+06,0.2109,9
73.75,19.75,2.4575e+06,0.1812,6
74.25,19.75,2.4575e+06,0.2153,9
74.75,19.75,2.4575e+06,0.2308,14
75.25,19.75,2.4575e+06,0.2506,8
75.75,19.75,2.4575e+06,0.2521,12
81.75,19.75,2.4575e+06,0.0843,6
82.25,19.75,2.4575e+06,0.2064,5
82.75,19.75,2.4575e+06,0.2738,24
83.25,19.75,2.4575e+06,0.1317,28
83.75,19.75,2.4575e+06,0.1069,27
84.25,19.75,2.4575e+06,0.293,27
84.75,19.75,2.4575e+06,0.317,24
85.25,19.75,2.4575e+06,0.3763,12
96.25,19.75,2.4575e+06,0.5766,4
96.75,19.75,2.4575e+06,0.5258,5
97.25,19.75,2.4575e+06,0.4655,6
97.75,19.75,2.4575e+06,0.5144,10
99.25,19.75,2.4575e+06,0.3569,5
99.75,19.75,2.4575e+06,0.6201,7
100.25,19.75,2.4575e+06,0.9198,6
100.75,19.75,2.4575e+06,1.0823,5
109.25,19.75,2.4575e+06,0.9735,9
109.75,19.75,2.4575e+06,1.0429,18
110.25,19.75,2.4575e+06,1.14,20
110.75,19.75,2.4575e+06,1.1134,10
72.75,20.25,2.4575e+06,0.2104,5
73.75,20.25,2.4575e+06,0.1589,9
74.25,20.25,2.4575e+06,0.177,9
74.75,20.25,2.4575e+06,0.186,9
75.25,20.25,2.4575e+06,0.2097,12
75.75,20.25,2.4575e+06,0.2301,13
76.25,20.25,2.4575e+06,0.2451,6
82.25,20.25,2.4575e+06,0.1384,23
82.75,20.25,2.4575e+06,0.1093,19
83.25,20.25,2.4575e+06,0.1293,22
83.75,20.25,2.4575e+06,0.0873,26
84.25,20.25,2.4575e+06,0.1581,25
84.75,20.25,2.4575e+06,0.452,24
85.25,20.25,2.4575e+06,0.4105,19
85.75,20.25,2.4575e+06,0.4317,16
86.25,20.25,2.4575e+06,0.5747,19
96.75,20.25,2.4575e+06,0.4096,8
97.25,20.25,2.4575e+06,0.3908,4
97.75,20.25,2.4575e+06,0.4233,9
98.25,20.25,2.4575e+06,0.418,5
98.75,20.25,2.4575e+06,0.4391,4
110.25,20.25,2.4575e+06,1.4748,4
73.25,20.75,2.4575e+06,0.2488,8
73.75,20.75,2.4575e+06,0.1145,12
74.25,20.75,2.4575e+06,0.1856,6
74.75,20.75,2.4575e+06,0.1669,8
75.25,20.75,2.4575e+06,0.2027,9
75.75,20.75,2.4575e+06,0.2341,10
76.25,20.75,2.4575e+06,0.244,7
82.75,20.75,2.4575e+06,0.0165,9
83.25,20.75,2.4575e+06,0.0385,20
83.75,20.75,2.4575e+06,0.1491,22
84.25,20.75,2.4575e+06,0.1679,21
84.75,20.75,2.4575e+06,0.3305,25
85.25,20.75,2.4575e+06,0.4294,23
85.75,20.75,2.4575e+06,0.3944,18
86.25,20.75,2.4575e+06,0.474,16
86.75,20.75,2.4575e+06,0.5567,15
98.25,20.75,2.4575e+06,0.4342,4
98.75,20.75,2.4575e+06,0.4266,4
99.25,20.75,2.4575e+06,0.3973,5
99.75,20.75,2.4575e+06,0.396,4
109.75,20.75,2.4575e+06,1.4686,6
110.25,20.75,2.4575e+06,1.5445,7
71.25,21.25,2.4575e+06,0.125,6
71.75,21.25,2.4575e+06,0.1317,5
72.25,21.25,2.4575e+06,0.1958,4
73.25,21.25,2.4575e+06,0.2567,11
73.75,21.25,2.4575e+06,0.1676,6
74.25,21.25,2.4575e+06,0.1959,8
74.75,21.25,2.4575e+06,0.2041,6
75.25,21.25,2.4575e+06,0.2033,7
75.75,21.25,2.4575e+06,0.1867,8
76.25,21.25,2.4575e+06,0.2065,8
82.25,21.25,2.4575e+06,0.0149,11
82.75,21.25,2.4575e+06,0.0598,16
83.25,21.25,2.4575e+06,0.0829,11
83.75,21.25,2.4575e+06,0.2049,26
84.25,21.25,2.4575e+06,0.142,26
84.75,21.25,2.4575e+06,0.1516,23
85.25,21.25,2.4575e+06,0.2849,23
85.75,21.25,2.4575e+06,0.3068,20
86.25,21.25,2.4575e+06,0.487,17
86.75,21.25,2.4575e+06,0.4822,7
97.25,21.25,2.4575e+06,0.4414,4
97.75,21.25,2.4575e+06,0.3663,4
98.25,21.25,2.4575e+06,0.4382,11
99.25,21.25,2.4575e+06,0.4108,6
99.75,21.25,2.4575e+06,0.3313,12
100.75,21.25,2.4575e+06,1.3226,4
101.25,21.25,2.4575e+06,1.0916,4
107.25,21.25,2.4575e+06,2.0368,14
71.25,21.75,2.4575e+06,0.1762,4
71.75,21.75,2.4575e+06,0.1729,4
72.75,21.75,2.4575e+06,0.1972,5
73.25,21.75,2.4575e+06,0.1795,6
73.75,21.75,2.4575e+06,0.1591,7
74.25,21.75,2.4575e+06,0.1399,10
74.75,21.75,2.4575e+06,0.1707,9
75.25,21.75,2.4575e+06,0.1621,8
75.75,21.75,2.4575e+06,0.161,6
76.25,21.75,2.4575e+06,0.1835,10
82.75,21.75,2.4575e+06,0.1137,8
83.25,21.75,2.4575e+06,0.098,21
83.75,21.75,2.4575e+06,0.1466,20
84.25,21.75,2.4575e+06,0.1249,17
84.75,21.75,2.4575e+06,0.1542,23
85.25,21.75,2.4575e+06,0.1653,22
85.75,21.75,2.4575e+06,0.1215,17
86.25,21.75,2.4575e+06,0.3055,20
86.75,21.75,2.4575e+06,0.4375,20
87.25,21.75,2.4575e+06,0.3315,16
87.75,21.75,2.4575e+06,0.3673,7
88.25,21.75,2.4575e+06,0.5449,5
96.75,21.75,2.4575e+06,0.3782,5
97.25,21.75,2.4575e+06,0.4437,5
99.75,21.75,2.4575e+06,0.5135,7
100.25,21.75,2.4575e+06,0.5974,9
100.75,21.75,2.4575e+06,0.7876,15
101.25,21.75,2.4575e+06,0.9129,6
107.25,21.75,2.4575e+06,2.7121,11
108.75,21.75,2.4575e+06,1.991,4
71.25,22.25,2.4575e+06,0.1642,4
73.25,22.25,2.4575e+06,0.2255,4
73.75,22.25,2.4575e+06,0.1779,5
74.25,22.25,2.4575e+06,0.1275,4
75.25,22.25,2.4575e+06,0.1559,6
75.75,22.25,2.4575e+06,0.21,7
76.25,22.25,2.4575e+06,0.1852,10
82.75,22.25,2.4575e+06,0.0774,16
83.25,22.25,2.4575e+06,0.026,22
83.75,22.25,2.4575e+06,0.1132,15
84.25,22.25,2.4575e+06,0.085,20
84.75,22.25,2.4575e+06,0.1424,22
85.25,22.25,2.4575e+06,0.1323,24
85.75,22.25,2.4575e+06,0.1294,19
86.25,22.25,2.4575e+06,0.1816,20
86.75,22.25,2.4575e+06,0.2179,17
87.25,22.25,2.4575e+06,0.2791,17
87.75,22.25,2.4575e+06,0.3536,14
88.25,22.25,2.4575e+06,0.4586,8
88.75,22.25,2.4575e+06,0.5504,7
97.75,22.25,2.4575e+06,0.3414,8
98.25,22.25,2.4575e+06,0.4669,6
100.25,22.25,2.4575e+06,0.6591,7
100.75,22.25,2.4575e+06,0.7813,11
101.25,22.25,2.4575e+06,0.768,12
107.25,22.25,2.4575e+06,2.3129,13
107.75,22.25,2.4575e+06,2.7067,10
108.25,22.25,2.4575e+06,2.878,6
108.75,22.25,2.4575e+06,1.9937,10
72.75,22.75,2.4575e+06,0.1879,5
73.25,22.75,2.4575e+06,0.21,9
74.75,22.75,2.4575e+06,0.1405,8
75.25,22.75,2.4575e+06,0.193,9
75.75,22.75,2.4575e+06,0.2365,11
76.25,22.75,2.4575e+06,0.1925,13
76.75,22.75,2.4575e+06,0.177,9
82.75,22.75,2.4575e+06,0.028,10
83.25,22.75,2.4575e+06,0.0025,10
83.75,22.75,2.4575e+06,0.0257,4
84.25,22.75,2.4575e+06,0.0204,14
84.75,22.75,2.4575e+06,0.0469,13
85.25,22.75,2.4575e+06,0.1178,21
85.75,22.75,2.4575e+06,0.1659,18
86.25,22.75,2.4575e+06,0.2319,19
86.75,22.75,2.4575e+06,0.1944,21
87.25,22.75,2.4575e+06,0.228,18
87.75,22.75,2.4575e+06,0.3263,15
88.25,22.75,2.4575e+06,0.4033,14
88.75,22.75,2.4575e+06,0.4708,11
89.25,22.75,2.4575e+06,0.5631,7
100.25,22.75,2.4575e+06,0.5676,6
100.75,22.75,2.4575e+06,0.6985,11
101.25,22.75,2.4575e+06,0.7138,10
107.25,22.75,2.4575e+06,2.3906,7
107.75,22.75,2.4575e+06,2.5875,16
108.25,22.75,2.4575e+06,2.92,18
108.75,22.75,2.4575e+06,2.2869,10
74.75,23.25,2.4575e+06,0.1279,5
75.25,23.25,2.4575e+06,0.2053,8
75.75,23.25,2.4575e+06,0.2378,9
76.25,23.25,2.4575e+06,0.2232,13
76.75,23.25,2.4575e+06,0.1958,14
83.25,23.25,2.4575e+06,-0.006,6
83.75,23.25,2.4575e+06,0.0598,11
84.25,23.25,2.4575e+06,0.0129,13
85.25,23.25,2.4575e+06,0.0765,5
85.75,23.25,2.4575e+06,0.0913,17
86.25,23.25,2.4575e+06,0.1402,10
86.75,23.25,2.4575e+06,0.1772,16
87.25,23.25,2.4575e+06,0.2564,20
87.75,23.25,2.4575e+06,0.3233,13
88.25,23.25,2.4575e+06,0.3133,15
88.75,23.25,2.4575e+06,0.3048,16
89.25,23.25,2.4575e+06,0.491,12
89.75,23.25,2.4575e+06,0.6271,5
100.25,23.25,2.4575e+06,0.5452,4
100.75,23.25,2.4575e+06,0.5819,13
107.25,23.25,2.4575e+06,1.3089,6
107.75,23.25,2.4575e+06,1.947,6
108.25,23.25,2.4575e+06,2.434,4
109.25,23.25,2.4575e+06,1.6432,13
74.75,23.75,2.4575e+06,0.1716,6
75.25,23.75,2.4575e+06,0.2305,8
75.75,23.75,2.4575e+06,0.2214,8
76.25,23.75,2.4575e+06,0.2168,9
76.75,23.75,2.4575e+06,0.2085,13
82.75,23.75,2.4575e+06,0.0356,15
83.25,23.75,2.4575e+06,0.0942,12
83.75,23.75,2.4575e+06,0.0333,10
84.25,23.75,2.4575e+06,0.0166,21
84.75,23.75,2.4575e+06,0.0121,15
85.25,23.75,2.4575e+06,0.0732,18
85.75,23.75,2.4575e+06,0.1439,18
86.25,23.75,2.4575e+06,0.2067,17
86.75,23.75,2.4575e+06,0.2713,15
87.25,23.75,2.4575e+06,0.3509,14
87.75,23.75,2.4575e+06,0.3188,18
88.25,23.75,2.4575e+06,0.2977,16
88.75,23.75,2.4575e+06,0.372,15
89.25,23.75,2.4575e+06,0.5079,9
93.75,23.75,2.4575e+06,0.4196,6
100.75,23.75,2.4575e+06,0.5412,7
107.25,23.75,2.4575e+06,0.8736,7
75.75,24.25,2.4575e+06,0.1787,6
76.25,24.25,2.4575e+06,0.1978,12
76.75,24.25,2.4575e+06,0.1775,11
77.25,24.25,2.4575e+06,0.1996,5
82.75,24.25,2.4575e+06,0.027,4
83.25,24.25,2.4575e+06,0.0792,7
84.25,24.25,2.4575e+06,0.0782,8
84.75,24.25,2.4575e+06,0.0483,11
85.25,24.25,2.4575e+06,0.052,10
85.75,24.25,2.4575e+06,0.0877,5
87.25,24.25,2.4575e+06,0.1143,12
87.75,24.25,2.4575e+06,0.2721,19
88.25,24.25,2.4575e+06,0.3802,16
88.75,24.25,2.4575e+06,0.5367,12
89.25,24.25,2.4575e+06,0.6415,4
92.75,24.25,2.4575e+06,0.5501,7
93.25,24.25,2.4575e+06,0.5039,5
93.75,24.25,2.4575e+06,0.4546,8
94.25,24.25,2.4575e+06,0.453,6
107.75,24.25,2.4575e+06,0.6277,5
77.25,24.75,2.4575e+06,0.1576,4
83.75,24.75,2.4575e+06,0.0548,13
84.25,24.75,2.4575e+06,0.2022,13
84.75,24.75,2.4575e+06,0.1977,13
85.25,24.75,2.4575e+06,0.1412,7
85.75,24.75,2.4575e+06,0.1338,16
86.25,24.75,2.4575e+06,0.1612,6
87.25,24.75,2.4575e+06,0.2859,12
87.75,24.75,2.4575e+06,0.491,18
88.25,24.75,2.4575e+06,0.6092,15
88.75,24.75,2.4575e+06,0.6175,5
93.25,24.75,2.4575e+06,0.5946,4
83.75,25.25,2.4575e+06,0.1909,5
84.25,25.25,2.4575e+06,0.1419,25
84.75,25.25,2.4575e+06,0.181,24
85.25,25.25,2.4575e+06,0.2245,20
85.75,25.25,2.4575e+06,0.2371,18
86.25,25.25,2.4575e+06,0.4072,20
86.75,25.25,2.4575e+06,0.6331,20
87.25,25.25,2.4575e+06,0.6867,20
87.75,25.25,2.4575e+06,0.8175,13
88.25,25.25,2.4575e+06,0.7557,5
83.75,25.75,2.4575e+06,0.2618,7
84.25,25.75,2.4575e+06,0.2671,14
84.75,25.75,2.4575e+06,0.3524,18
85.25,25.75,2.4575e+06,0.4909,24
85.75,25.75,2.4575e+06,0.6191,22
86.25,25.75,2.4575e+06,0.8215,23
86.75,25.75,2.4575e+06,0.7681,19
87.25,25.75,2.4575e+06,0.784,19
88.25,25.75,2.4575e+06,1.0234,5
84.25,26.25,2.4575e+06,0.378,17
84.75,26.25,2.4575e+06,0.4404,26
85.25,26.25,2.4575e+06,0.6744,25
85.75,26.25,2.4575e+06,0.8547,24
86.25,26.25,2.4575e+06,0.8715,19
86.75,26.25,2.4575e+06,0.8502,19
87.25,26.25,2.4575e+06,0.8399,19
87.75,26.25,2.4575e+06,0.8163,5
88.25,26.25,2.4575e+06,1.0003,7
89.25,26.25,2.4575e+06,1.0445,8
89.75,26.25,2.4575e+06,1.0617,9
90.25,26.25,2.4575e+06,1.0498,4
92.25,26.25,2.4575e+06,0.8799,4
83.75,26.75,2.4575e+06,0.4402,20
84.25,26.75,2.4575e+06,0.5213,25
84.75,26.75,2.4575e+06,0.7859,25
85.25,26.75,2.4575e+06,1.0088,17
85.75,26.75,2.4575e+06,0.9481,22
86.25,26.75,2.4575e+06,0.949,14
86.75,26.75,2.4575e+06,0.8366,17
87.25,26.75,2.4575e+06,0.8161,22
87.75,26.75,2.4575e+06,0.7688,15
88.25,26.75,2.4575e+06,0.8741,12
89.25,26.75,2.4575e+06,1.0077,9
83.25,27.25,2.4575e+06,0.6422,4
83.75,27.25,2.4575e+06,0.8265,22
84.25,27.25,2.4575e+06,1.0437,26
84.75,27.25,2.4575e+06,1.1379,28
85.25,27.25,2.4575e+06,1.1239,25
85.75,27.25,2.4575e+06,1.0185,23
86.25,27.25,2.4575e+06,0.7445,22
86.75,27.25,2.4575e+06,0.658,19
87.25,27.25,2.4575e+06,0.7011,14
87.75,27.25,2.4575e+06,0.6579,7
88.25,27.25,2.4575e+06,0.7119,6
90.25,27.25,2.4575e+06,0.5603,4
94.25,27.25,2.4575e+06,0.4547,4
83.25,27.75,2.4575e+06,1.0311,14
83.75,27.75,2.4575e+06,1.1559,27
84.25,27.75,2.4575e+06,1.3171,27
84.75,27.75,2.4575e+06,1.0994,25
85.25,27.75,2.4575e+06,0.8376,24
85.75,27.75,2.4575e+06,0.7217,18
86.25,27.75,2.4575e+06,0.5433,7
89.75,27.75,2.4575e+06,0.179,4
83.25,28.25,2.4575e+06,0.7472,9
83.75,28.25,2.4575e+06,0.7823,20
84.25,28.25,2.4575e+06,0.9989,15
84.75,28.25,2.4575e+06,0.7999,11
85.25,28.25,2.4575e+06,0.4307,5
78.75,29.75,2.4575e+06,0.2902,6
78.75,30.25,2.4575e+06,0.3068,7
78.75,30.75,2.4575e+06,0.2487,5
35.25,32.25,2.4575e+06,0.0548,8
35.75,32.25,2.4575e+06,-0.001,7
35.25,32.75,2.4575e+06,0.1432,5
35.25,33.25,2.4575e+06,0.1368,7
35.75,33.25,2.4575e+06,0.1352,16
117.75,33.25,2.4575e+06,0.5916,6
118.25,33.25,2.4575e+06,0.5902,7
35.75,33.75,2.4575e+06,0.1578,13
36.25,33.75,2.4575e+06,0.0486,4
117.25,33.75,2.4575e+06,0.6308,5
117.75,33.75,2.4575e+06,0.5098,4
118.25,33.75,2.4575e+06,0.4701,8
118.75,33.75,2.4575e+06,0.4879,7
119.25,33.75,2.4575e+06,0.4204,6
119.75,33.75,2.4575e+06,0.437,4
35.75,34.25,2.4575e+06,0.1945,9
36.25,34.25,2.4575e+06,0.0996,5
64.25,34.25,2.4575e+06,0.1186,4
117.25,34.25,2.4575e+06,0.7338,4
117.75,34.25,2.4575e+06,0.6957,4
118.25,34.25,2.4575e+06,0.513,5
118.75,34.25,2.4575e+06,0.4693,5
119.25,34.25,2.4575e+06,0.4575,5
119.75,34.25,2.4575e+06,0.4598,4
36.25,34.75,2.4575e+06,0.1919,12
36.75,34.75,2.4575e+06,0.0786,8
115.75,34.75,2.4575e+06,0.6752,7
116.25,34.75,2.4575e+06,0.805,4
117.25,34.75,2.4575e+06,0.7056,4
117.75,34.75,2.4575e+06,0.7018,9
118.25,34.75,2.4575e+06,0.6991,8
118.75,34.75,2.4575e+06,0.6594,8
36.25,35.25,2.4575e+06,0.1908,20
36.75,35.25,2.4575e+06,0.0659,11
60.25,35.25,2.4575e+06,0.227,4
63.75,35.25,2.4575e+06,0.1118,5
64.25,35.25,2.4575e+06,0.1331,4
114.75,35.25,2.4575e+06,0.9359,9
115.25,35.25,2.4575e+06,0.7597,5
115.75,35.25,2.4575e+06,0.8457,13
116.25,35.25,2.4575e+06,0.8044,4
117.25,35.25,2.4575e+06,0.5685,6
117.75,35.25,2.4575e+06,0.591,12
118.25,35.25,2.4575e+06,0.7042,7
118.75,35.25,2.4575e+06,0.7606,6
36.25,35.75,2.4575e+06,0.1498,7
60.25,35.75,2.4575e+06,0.2499,8
60.75,35.75,2.4575e+06,0.215,6
63.25,35.75,2.4575e+06,-0.004,4
65.25,35.75,2.4575e+06,0.1547,4
114.75,35.75,2.4575e+06,1.0927,11
115.25,35.75,2.4575e+06,0.9451,12
115.75,35.75,2.4575e+06,0.7466,14
116.25,35.75,2.4575e+06,0.6415,13
116.75,35.75,2.4575e+06,0.6956,10
117.25,35.75,2.4575e+06,0.8201,11
117.75,35.75,2.4575e+06,0.7826,9
118.25,35.75,2.4575e+06,0.8711,11
118.75,35.75,2.4575e+06,0.9533,9
119.25,35.75,2.4575e+06,0.9648,6
37.25,36.25,2.4575e+06,0.0368,4
65.75,36.25,2.4575e+06,0.1013,7
114.75,36.25,2.4575e+06,1.1053,7
115.25,36.25,2.4575e+06,1.058,15
115.75,36.25,2.4575e+06,0.8668,14
116.25,36.25,2.4575e+06,0.7401,8
116.75,36.25,2.4575e+06,0.807,15
117.25,36.25,2.4575e+06,0.8297,10
117.75,36.25,2.4575e+06,0.9131,10
118.25,36.25,2.4575e+06,0.8812,10
118.75,36.25,2.4575e+06,1.0631,6
119.25,36.25,2.4575e+06,1.0023,10
119.75,36.25,2.4575e+06,0.8547,8
120.25,36.25,2.4575e+06,0.8616,4
28.25,36.75,2.4575e+06,0.2774,4
38.25,36.75,2.4575e+06,0.0523,4
38.75,36.75,2.4575e+06,0.0275,4
40.25,36.75,2.4575e+06,0.0308,10
114.75,36.75,2.4575e+06,0.985,6
115.25,36.75,2.4575e+06,1.0253,7
115.75,36.75,2.4575e+06,0.8826,13
116.25,36.75,2.4575e+06,0.85,10
116.75,36.75,2.4575e+06,0.9351,12
117.25,36.75,2.4575e+06,0.8973,10
117.75,36.75,2.4575e+06,0.9385,6
118.25,36.75,2.4575e+06,1.0287,9
118.75,36.75,2.4575e+06,1.1259,9
119.25,36.75,2.4575e+06,1.0248,11
119.75,36.75,2.4575e+06,0.7619,10
120.25,36.75,2.4575e+06,0.7918,8
120.75,36.75,2.4575e+06,0.7745,9
27.75,37.25,2.4575e+06,0.25,7
28.25,37.25,2.4575e+06,0.2516,8
28.75,37.25,2.4575e+06,0.2699,8
37.25,37.25,2.4575e+06,0.1939,11
37.75,37.25,2.4575e+06,0.0954,5
38.25,37.25,2.4575e+06,0.0052,10
39.25,37.25,2.4575e+06,0.0051,8
39.75,37.25,2.4575e+06,0.0328,15
40.25,37.25,2.4575e+06,0.0375,13
40.75,37.25,2.4575e+06,0.0266,6
42.75,37.25,2.4575e+06,0.132,5
68.75,37.25,2.4575e+06,0.2853,4
69.25,37.25,2.4575e+06,0.1636,6
114.75,37.25,2.4575e+06,1.0077,10
115.25,37.25,2.4575e+06,1.033,6
115.75,37.25,2.4575e+06,0.9714,5
116.25,37.25,2.4575e+06,1.0028,7
118.25,37.25,2.4575e+06,0.9937,6
118.75,37.25,2.4575e+06,0.9391,6
120.25,37.25,2.4575e+06,0.7673,10
120.75,37.25,2.4575e+06,0.7701,6
121.25,37.25,2.4575e+06,0.7482,10
121.75,37.25,2.4575e+06,0.8248,6
27.75,37.75,2.4575e+06,0.2197,5
28.25,37.75,2.4575e+06,0.1843,7
28.75,37.75,2.4575e+06,0.2207,7
30.75,37.75,2.4575e+06,0.2589,5
31.75,37.75,2.4575e+06,0.1786,5
36.75,37.75,2.4575e+06,0.2416,4
37.25,37.75,2.4575e+06,0.1841,7
37.75,37.75,2.4575e+06,0.1812,7
38.25,37.75,2.4575e+06,0.136,11
38.75,37.75,2.4575e+06,0.1102,10
39.25,37.75,2.4575e+06,0.0735,15
39.75,37.75,2.4575e+06,0.0971,18
40.25,37.75,2.4575e+06,0.0509,18
40.75,37.75,2.4575e+06,0.0357,9
41.25,37.75,2.4575e+06,0.0923,5
66.25,37.75,2.4575e+06,0.15,4
66.75,37.75,2.4575e+06,0.1625,6
67.25,37.75,2.4575e+06,0.227,5
68.75,37.75,2.4575e+06,0.2401,9
69.25,37.75,2.4575e+06,0.152,8
120.75,37.75,2.4575e+06,0.881,4
27.25,38.25,2.4575e+06,0.1525,4
27.75,38.25,2.4575e+06,0.1878,6
28.25,38.25,2.4575e+06,0.1875,11
28.75,38.25,2.4575e+06,0.1777,6
31.75,38.25,2.4575e+06,0.1416,5
38.25,38.25,2.4575e+06,0.1526,7
38.75,38.25,2.4575e+06,0.1148,8
39.25,38.25,2.4575e+06,0.0605,13
39.75,38.25,2.4575e+06,0.0227,19
40.25,38.25,2.4575e+06,0.034,21
40.75,38.25,2.4575e+06,0.0434,13
41.25,38.25,2.4575e+06,0.0867,6
66.75,38.25,2.4575e+06,0.1377,9
68.25,38.25,2.4575e+06,0.1892,11
68.75,38.25,2.4575e+06,0.1764,9
114.75,38.25,2.4575e+06,1.3971,4
27.25,38.75,2.4575e+06,0.2051,4
27.75,38.75,2.4575e+06,0.1885,5
28.25,38.75,2.4575e+06,0.1949,10
30.25,38.75,2.4575e+06,0.213,5
38.25,38.75,2.4575e+06,0.1695,4
39.25,38.75,2.4575e+06,0.15,13
39.75,38.75,2.4575e+06,0.0631,14
40.25,38.75,2.4575e+06,0.0587,10
40.75,38.75,2.4575e+06,0.0405,5
66.75,38.75,2.4575e+06,0.2011,10
27.25,39.25,2.4575e+06,0.1532,6
27.75,39.25,2.4575e+06,0.1925,9
28.25,39.25,2.4575e+06,0.2002,5
28.75,39.25,2.4575e+06,0.2037,4
38.25,39.25,2.4575e+06,0.1664,5
38.75,39.25,2.4575e+06,0.1601,4
39.75,39.25,2.4575e+06,0.0544,7
66.25,39.25,2.4575e+06,0.1317,7
66.75,39.25,2.4575e+06,0.1779,5
34.75,39.75,2.4575e+06,0.2798,4
35.25,39.75,2.4575e+06,0.2892,9
35.75,39.75,2.4575e+06,0.3374,5
37.75,39.75,2.4575e+06,0.2759,7
66.25,39.75,2.4575e+06,0.0815,4
66.75,39.75,2.4575e+06,0.263,5
67.25,39.75,2.4575e+06,0.2279,6
67.75,39.75,2.4575e+06,0.1738,7
27.25,40.25,2.4575e+06,0.1053,4
28.25,40.25,2.4575e+06,0.216,5
35.25,40.25,2.4575e+06,0.3164,4
35.75,40.25,2.4575e+06,0.3253,4
38.25,40.25,2.4575e+06,0.204,7
38.75,40.25,2.4575e+06,0.1625,4
44.25,40.25,2.4575e+06,0.1996,7
65.75,40.25,2.4575e+06,0.2052,5
66.25,40.25,2.4575e+06,0.0866,5
66.75,40.25,2.4575e+06,0.1261,6
67.25,40.25,2.4575e+06,0.0884,10
67.75,40.25,2.4575e+06,0.0757,6
68.25,40.25,2.4575e+06,0.1914,5
69.25,40.25,2.4575e+06,0.1906,4
35.25,40.75,2.4575e+06,0.2953,4
37.25,40.75,2.4575e+06,0.1046,16
37.75,40.75,2.4575e+06,0.0954,9
38.25,40.75,2.4575e+06,0.0539,4
38.75,40.75,2.4575e+06,0.0822,7
39.75,40.75,2.4575e+06,0.0535,4
40.25,40.75,2.4575e+06,0.0787,5
66.25,40.75,2.4575e+06,0.1462,7
66.75,40.75,2.4575e+06,0.0539,12
67.25,40.75,2.4575e+06,-0.0052,6
68.75,40.75,2.4575e+06,0.1672,6
69.25,40.75,2.4575e+06,0.1414,14
69.75,40.75,2.4575e+06,0.099,7
25.75,41.25,2.4575e+06,0.0328,5
26.25,41.25,2.4575e+06,0.0088,5
26.75,41.25,2.4575e+06,0.0454,6
35.25,41.25,2.4575e+06,0.2893,4
44.75,41.25,2.4575e+06,0.1013,4
45.25,41.25,2.4575e+06,0.1337,10
45.75,41.25,2.4575e+06,0.1685,5
66.75,41.25,2.4575e+06,-0.0552,4
67.25,41.25,2.4575e+06,-0.0448,8
67.75,41.25,2.4575e+06,-0.0364,7
68.25,41.25,2.4575e+06,0.0487,11
68.75,41.25,2.4575e+06,0.0559,15
69.25,41.25,2.4575e+06,0.1259,10
69.75,41.25,2.4575e+06,0.0851,9
71.25,41.25,2.4575e+06,0.1792,5
71.75,41.25,2.4575e+06,0.1814,4
72.25,41.25,2.4575e+06,0.1183,7
25.75,41.75,2.4575e+06,0.0441,7
26.25,41.75,2.4575e+06,0.0524,6
26.75,41.75,2.4575e+06,0.0741,4
44.25,41.75,2.4575e+06,0.0556,4
44.75,41.75,2.4575e+06,0.0824,8
45.25,41.75,2.4575e+06,0.1346,5
45.75,41.75,2.4575e+06,0.1893,5
66.75,41.75,2.4575e+06,-0.054,10
67.25,41.75,2.4575e+06,-0.0402,6
67.75,41.75,2.4575e+06,0.0394,13
68.25,41.75,2.4575e+06,0.0588,17
68.75,41.75,2.4575e+06,0.0232,15
69.25,41.75,2.4575e+06,0.0232,15
69.75,41.75,2.4575e+06,0.0683,11
71.75,41.75,2.4575e+06,0.1394,4
73.25,41.75,2.4575e+06,0.1407,5
118.25,41.75,2.4575e+06,0.4586,11
43.75,42.25,2.4575e+06,0.0712,4
44.25,42.25,2.4575e+06,0.0795,6
66.75,42.25,2.4575e+06,-0.003,11
67.25,42.25,2.4575e+06,0.0023,18
67.75,42.25,2.4575e+06,0.1006,15
68.25,42.25,2.4575e+06,0.1017,9
68.75,42.25,2.4575e+06,0.0293,15
69.25,42.25,2.4575e+06,0.0087,14
69.75,42.25,2.4575e+06,0.0626,9
70.25,42.25,2.4575e+06,0.1037,6
68.75,42.75,2.4575e+06,0.0523,11
69.25,42.75,2.4575e+06,0.0054,17
69.75,42.75,2.4575e+06,0.0459,11
70.25,42.75,2.4575e+06,0.087,15
70.75,42.75,2.4575e+06,0.1156,13
71.25,42.75,2.4575e+06,0.1369,11
71.75,42.75,2.4575e+06,0.1268,11
72.25,42.75,2.4575e+06,0.1017,6
72.75,42.75,2.4575e+06,0.1158,6
73.25,42.75,2.4575e+06,0.0992,5
73.75,42.75,2.4575e+06,0.1272,5
74.25,42.75,2.4575e+06,0.1484,8
75.25,42.75,2.4575e+06,0.1131,7
75.75,42.75,2.4575e+06,0.0883,4
80.25,42.75,2.4575e+06,0.1233,4
80.75,42.75,2.4575e+06,0.1316,4
43.75,43.25,2.4575e+06,0.0672,5
68.75,43.25,2.4575e+06,0.1101,14
69.25,43.25,2.4575e+06,0.0782,13
69.75,43.25,2.4575e+06,0.0829,14
70.25,43.25,2.4575e+06,0.106,10
70.75,43.25,2.4575e+06,0.1,11
71.25,43.25,2.4575e+06,0.0628,11
71.75,43.25,2.4575e+06,0.0813,8
72.25,43.25,2.4575e+06,0.0856,5
72.75,43.25,2.4575e+06,0.0809,7
73.25,43.25,2.4575e+06,0.0987,7
73.75,43.25,2.4575e+06,0.0916,9
74.25,43.25,2.4575e+06,0.1055,7
74.75,43.25,2.4575e+06,0.1019,12
75.25,43.25,2.4575e+06,0.1088,10
75.75,43.25,2.4575e+06,0.1176,7
76.25,43.25,2.4575e+06,0.1174,11
76.75,43.25,2.4575e+06,0.1386,7
39.75,43.75,2.4575e+06,0.0623,7
67.75,43.75,2.4575e+06,0.1129,9
68.25,43.75,2.4575e+06,0.1237,14
68.75,43.75,2.4575e+06,0.1613,12
69.25,43.75,2.4575e+06,0.0875,5
69.75,43.75,2.4575e+06,0.1057,4
70.25,43.75,2.4575e+06,0.0924,8
70.75,43.75,2.4575e+06,0.0778,7
71.25,43.75,2.4575e+06,0.1058,11
71.75,43.75,2.4575e+06,0.0761,4
72.75,43.75,2.4575e+06,0.0949,8
73.25,43.75,2.4575e+06,0.0901,7
73.75,43.75,2.4575e+06,0.0831,8
74.25,43.75,2.4575e+06,0.0872,9
74.75,43.75,2.4575e+06,0.1058,12
75.25,43.75,2.4575e+06,0.1071,10
75.75,43.75,2.4575e+06,0.1002,13
76.25,43.75,2.4575e+06,0.0945,7
76.75,43.75,2.4575e+06,0.0902,5
24.75,44.25,2.4575e+06,0.0909,5
25.25,44.25,2.4575e+06,0.1051,6
39.25,44.25,2.4575e+06,0.0938,5
67.25,44.25,2.4575e+06,0.2111,5
67.75,44.25,2.4575e+06,0.1633,12
70.75,44.25,2.4575e+06,0.1146,7
71.25,44.25,2.4575e+06,0.11,6
71.75,44.25,2.4575e+06,0.1481,7
72.25,44.25,2.4575e+06,0.1605,8
72.75,44.25,2.4575e+06,0.1209,8
73.25,44.25,2.4575e+06,0.1092,6
73.75,44.25,2.4575e+06,0.0847,8
74.25,44.25,2.4575e+06,0.1048,14
74.75,44.25,2.4575e+06,0.1225,7
75.25,44.25,2.4575e+06,0.1198,6
75.75,44.25,2.4575e+06,0.1033,4
76.25,44.25,2.4575e+06,0.1026,6
76.75,44.25,2.4575e+06,0.1068,5
77.25,44.25,2.4575e+06,0.0869,9
67.25,44.75,2.4575e+06,0.3275,4
72.75,44.75,2.4575e+06,0.2661,4
73.25,44.75,2.4575e+06,0.1824,5
77.25,44.75,2.4575e+06,0.1351,8
77.75,44.75,2.4575e+06,0.099,9
78.25,44.75,2.4575e+06,0.1072,5
33.75,45.25,2.4575e+06,0.0648,5
34.25,45.25,2.4575e+06,0.0746,6
44.75,45.25,2.4575e+06,0.027,7
45.25,45.25,2.4575e+06,0.0498,5
71.25,45.25,2.4575e+06,0.1797,6
71.75,45.25,2.4575e+06,0.1854,5
72.25,45.25,2.4575e+06,0.201,10
72.75,45.25,2.4575e+06,0.1772,7
77.75,45.25,2.4575e+06,0.143,4
78.25,45.25,2.4575e+06,0.1149,9
83.25,45.25,2.4575e+06,0.1362,5
83.75,45.25,2.4575e+06,0.1926,8
34.75,45.75,2.4575e+06,0.0421,5
44.25,45.75,2.4575e+06,-0.018,10
46.75,45.75,2.4575e+06,0.0632,9
70.75,45.75,2.4575e+06,0.1422,5
71.25,45.75,2.4575e+06,0.1484,4
73.25,45.75,2.4575e+06,0.2575,4
78.75,45.75,2.4575e+06,0.1332,11
79.25,45.75,2.4575e+06,0.1229,14
79.75,45.75,2.4575e+06,0.115,10
80.25,45.75,2.4575e+06,0.1021,9
82.25,45.75,2.4575e+06,0.1203,5
43.75,46.25,2.4575e+06,-0.0119,8
66.75,46.25,2.4575e+06,0.2617,8
67.25,46.25,2.4575e+06,0.1422,6
67.75,46.25,2.4575e+06,0.0828,6
70.25,46.25,2.4575e+06,0.1186,5
70.75,46.25,2.4575e+06,0.1259,11
71.25,46.25,2.4575e+06,0.1184,7
71.75,46.25,2.4575e+06,0.1336,8
72.25,46.25,2.4575e+06,0.1393,9
72.75,46.25,2.4575e+06,0.2014,10
79.25,46.25,2.4575e+06,0.146,7
79.75,46.25,2.4575e+06,0.1522,11
80.25,46.25,2.4575e+06,0.1368,9
80.75,46.25,2.4575e+06,0.0698,4
82.25,46.25,2.4575e+06,0.0557,12
43.25,46.75,2.4575e+06,0.0342,5
43.75,46.75,2.4575e+06,0.0083,8
44.25,46.75,2.4575e+06,0.0319,4
44.75,46.75,2.4575e+06,0.045,6
66.75,46.75,2.4575e+06,0.1726,6
67.25,46.75,2.4575e+06,0.1839,9
67.75,46.75,2.4575e+06,0.1146,10
68.25,46.75,2.4575e+06,0.0738,4
68.75,46.75,2.4575e+06,0.1599,5
69.25,46.75,2.4575e+06,0.1468,7
69.75,46.75,2.4575e+06,0.1567,5
70.25,46.75,2.4575e+06,0.1378,12
70.75,46.75,2.4575e+06,0.1127,10
71.25,46.75,2.4575e+06,0.1039,8
71.75,46.75,2.4575e+06,0.1116,8
72.25,46.75,2.4575e+06,0.123,9
72.75,46.75,2.4575e+06,0.1885,8
73.75,46.75,2.4575e+06,0.2116,5
74.25,46.75,2.4575e+06,0.2926,4
77.25,46.75,2.4575e+06,0.1756,6
78.75,46.75,2.4575e+06,0.1715,4
79.25,46.75,2.4575e+06,0.1764,4
79.75,46.75,2.4575e+06,0.1379,7
80.75,46.75,2.4575e+06,0.093,6
81.75,46.75,2.4575e+06,0.0687,6
82.25,46.75,2.4575e+06,0.0635,6
82.75,46.75,2.4575e+06,0.1038,5
43.25,47.25,2.4575e+06,0.0854,7
43.75,47.25,2.4575e+06,0.0406,7
67.25,47.25,2.4575e+06,0.2276,8
67.75,47.25,2.4575e+06,0.1707,12
68.25,47.25,2.4575e+06,0.1409,4
70.25,47.25,2.4575e+06,0.1042,7
70.75,47.25,2.4575e+06,0.1173,13
71.25,47.25,2.4575e+06,0.1072,7
71.75,47.25,2.4575e+06,0.0888,8
72.25,47.25,2.4575e+06,0.1267,6
72.75,47.25,2.4575e+06,0.1524,7
76.25,47.25,2.4575e+06,0.1448,7
76.75,47.25,2.4575e+06,0.1548,10
77.25,47.25,2.4575e+06,0.1527,13
77.75,47.25,2.4575e+06,0.1485,11
78.25,47.25,2.4575e+06,0.1579,11
78.75,47.25,2.4575e+06,0.1592,8
79.25,47.25,2.4575e+06,0.1456,4
79.75,47.25,2.4575e+06,0.12,8
80.25,47.25,2.4575e+06,0.1265,9
41.75,47.75,2.4575e+06,0.1318,11
42.25,47.75,2.4575e+06,0.1362,12
42.75,47.75,2.4575e+06,0.1058,11
43.25,47.75,2.4575e+06,0.0784,18
43.75,47.75,2.4575e+06,0.0885,8
66.25,47.75,2.4575e+06,0.1556,8
66.75,47.75,2.4575e+06,0.2214,9
67.25,47.75,2.4575e+06,0.239,12
67.75,47.75,2.4575e+06,0.2449,11
70.25,47.75,2.4575e+06,0.1124,12
70.75,47.75,2.4575e+06,0.1023,12
71.25,47.75,2.4575e+06,0.1084,12
71.75,47.75,2.4575e+06,0.1407,9
72.25,47.75,2.4575e+06,0.1587,5
72.75,47.75,2.4575e+06,0.1703,5
73.75,47.75,2.4575e+06,0.2728,4
76.25,47.75,2.4575e+06,0.174,7
76.75,47.75,2.4575e+06,0.1436,9
77.25,47.75,2.4575e+06,0.1593,9
77.75,47.75,2.4575e+06,0.1441,10
78.25,47.75,2.4575e+06,0.1522,13
78.75,47.75,2.4575e+06,0.1362,9
79.25,47.75,2.4575e+06,0.1346,6
79.75,47.75,2.4575e+06,0.1087,10
80.25,47.75,2.4575e+06,0.12,5
40.25,48.25,2.4575e+06,0.1686,6
40.75,48.25,2.4575e+06,0.1552,10
41.25,48.25,2.4575e+06,0.1218,13
41.75,48.25,2.4575e+06,0.1305,16
42.25,48.25,2.4575e+06,0.1087,20
42.75,48.25,2.4575e+06,0.112,9
43.25,48.25,2.4575e+06,0.0832,9
43.75,48.25,2.4575e+06,0.099,4
46.25,48.25,2.4575e+06,0.0956,9
46.75,48.25,2.4575e+06,0.0873,8
47.25,48.25,2.4575e+06,0.1096,5
47.75,48.25,2.4575e+06,0.1453,6
48.25,48.25,2.4575e+06,0.2168,4
65.75,48.25,2.4575e+06,0.2068,4
66.75,48.25,2.4575e+06,0.3703,4
67.25,48.25,2.4575e+06,0.2908,6
68.25,48.25,2.4575e+06,0.3412,9
68.75,48.25,2.4575e+06,0.1984,12
69.75,48.25,2.4575e+06,0.1046,5
70.25,48.25,2.4575e+06,0.1024,10
70.75,48.25,2.4575e+06,0.1239,13
71.25,48.25,2.4575e+06,0.1483,9
71.75,48.25,2.4575e+06,0.1633,11
72.25,48.25,2.4575e+06,0.1756,7
72.75,48.25,2.4575e+06,0.2328,9
78.75,48.25,2.4575e+06,0.1509,9
39.75,48.75,2.4575e+06,0.1249,8
40.25,48.75,2.4575e+06,0.127,7
40.75,48.75,2.4575e+06,0.1842,4
41.75,48.75,2.4575e+06,0.1484,9
42.25,48.75,2.4575e+06,0.1135,11
42.75,48.75,2.4575e+06,0.1104,11
45.25,48.75,2.4575e+06,0.1348,12
45.75,48.75,2.4575e+06,0.1353,14
46.25,48.75,2.4575e+06,0.1143,16
46.75,48.75,2.4575e+06,0.1044,13
47.25,48.75,2.4575e+06,0.0977,6
48.25,48.75,2.4575e+06,0.2954,4
52.75,48.75,2.4575e+06,0.2453,6
68.75,48.75,2.4575e+06,0.1604,4
69.75,48.75,2.4575e+06,0.132,9
70.25,48.75,2.4575e+06,0.1037,9
71.25,48.75,2.4575e+06,0.1419,4
71.75,48.75,2.4575e+06,0.1279,4
72.25,48.75,2.4575e+06,0.1773,11
72.75,48.75,2.4575e+06,0.2118,4
39.75,49.25,2.4575e+06,0.1576,4
41.75,49.25,2.4575e+06,0.1182,5
42.25,49.25,2.4575e+06,0.0778,11
42.75,49.25,2.4575e+06,0.0711,12
46.25,49.25,2.4575e+06,0.1776,5
46.75,49.25,2.4575e+06,0.1227,12
47.25,49.25,2.4575e+06,0.1054,12
47.75,49.25,2.4575e+06,0.166,12
48.25,49.25,2.4575e+06,0.2677,8
52.25,49.25,2.4575e+06,0.217,7
52.75,49.25,2.4575e+06,0.2212,6
68.75,49.25,2.4575e+06,0.1227,6
69.25,49.25,2.4575e+06,0.1364,8
69.75,49.25,2.4575e+06,0.1483,7
70.75,49.25,2.4575e+06,0.2156,6
71.75,49.25,2.4575e+06,0.1758,5
72.25,49.25,2.4575e+06,0.1968,8
45.25,49.75,2.4575e+06,0.1729,8
45.75,49.75,2.4575e+06,0.1258,8
46.25,49.75,2.4575e+06,0.1231,11
46.75,49.75,2.4575e+06,0.1289,5
47.25,49.75,2.4575e+06,0.1036,11
47.75,49.75,2.4575e+06,0.1069,10
48.25,49.75,2.4575e+06,0.208,12
48.75,49.75,2.4575e+06,0.2556,7
52.75,49.75,2.4575e+06,0.1875,7
68.75,49.75,2.4575e+06,0.0988,13
69.25,49.75,2.4575e+06,0.1045,9
70.25,49.75,2.4575e+06,0.1398,9
71.75,49.75,2.4575e+06,0.2429,5
72.25,49.75,2.4575e+06,0.265,4
79.25,49.75,2.4575e+06,0.1824,4
44.75,50.25,2.4575e+06,0.1565,5
45.25,50.25,2.4575e+06,0.1051,13
45.75,50.25,2.4575e+06,0.0666,11
46.25,50.25,2.4575e+06,0.0911,8
46.75,50.25,2.4575e+06,0.0937,10
47.25,50.25,2.4575e+06,0.0841,7
47.75,50.25,2.4575e+06,0.0797,4
48.25,50.25,2.4575e+06,0.162,12
48.75,50.25,2.4575e+06,0.2227,7
49.75,50.25,2.4575e+06,0.3171,10
50.25,50.25,2.4575e+06,0.3032,4
51.25,50.25,2.4575e+06,0.166,4
52.75,50.25,2.4575e+06,0.1886,6
77.75,50.25,2.4575e+06,0.1816,8
78.25,50.25,2.4575e+06,0.1606,8
78.75,50.25,2.4575e+06,0.1861,7
43.25,50.75,2.4575e+06,0.0896,4
43.75,50.75,2.4575e+06,0.1053,10
44.25,50.75,2.4575e+06,0.1118,8
44.75,50.75,2.4575e+06,0.128,15
45.25,50.75,2.4575e+06,0.0967,4
45.75,50.75,2.4575e+06,0.0822,7
46.25,50.75,2.4575e+06,0.0693,10
46.75,50.75,2.4575e+06,0.0781,12
47.25,50.75,2.4575e+06,0.0638,7
48.25,50.75,2.4575e+06,0.1232,8
49.75,50.75,2.4575e+06,0.2481,11
50.25,50.75,2.4575e+06,0.2627,16
50.75,50.75,2.4575e+06,0.2712,8
52.75,50.75,2.4575e+06,0.1967,5
76.75,50.75,2.4575e+06,0.2235,5
77.25,50.75,2.4575e+06,0.1662,7
77.75,50.75,2.4575e+06,0.1896,12
78.25,50.75,2.4575e+06,0.166,12
78.75,50.75,2.4575e+06,0.1659,9
79.25,50.75,2.4575e+06,0.176,7
41.75,51.25,2.4575e+06,0.0709,10
42.25,51.25,2.4575e+06,0.0528,5
44.25,51.25,2.4575e+06,0.0979,8
44.75,51.25,2.4575e+06,0.1362,11
45.25,51.25,2.4575e+06,0.1232,9
46.75,51.25,2.4575e+06,0.0843,5
47.25,51.25,2.4575e+06,0.0798,7
48.25,51.25,2.4575e+06,0.1018,8
48.75,51.25,2.4575e+06,0.0972,9
49.75,51.25,2.4575e+06,0.2062,4
50.25,51.25,2.4575e+06,0.2468,4
75.75,51.25,2.4575e+06,0.3521,10
76.25,51.25,2.4575e+06,0.2566,12
76.75,51.25,2.4575e+06,0.2429,7
77.25,51.25,2.4575e+06,0.2372,10
77.75,51.25,2.4575e+06,0.1813,12
78.25,51.25,2.4575e+06,0.1653,8
78.75,51.25,2.4575e+06,0.1545,6
79.25,51.25,2.4575e+06,0.1486,4
79.75,51.25,2.4575e+06,0.1796,6
80.25,51.25,2.4575e+06,0.1746,5
81.25,51.25,2.4575e+06,0.1336,4
43.25,51.75,2.4575e+06,0.0614,4
44.25,51.75,2.4575e+06,0.1105,6
44.75,51.75,2.4575e+06,0.1266,9
45.25,51.75,2.4575e+06,0.1162,9
45.75,51.75,2.4575e+06,0.128,4
46.25,51.75,2.4575e+06,0.1605,6
46.75,51.75,2.4575e+06,0.0897,6
48.25,51.75,2.4575e+06,0.1032,4
48.75,51.75,2.4575e+06,0.0845,8
75.25,51.75,2.4575e+06,0.4338,8
75.75,51.75,2.4575e+06,0.2933,6
76.25,51.75,2.4575e+06,0.2392,11
76.75,51.75,2.4575e+06,0.2399,6
77.25,51.75,2.4575e+06,0.2526,7
77.75,51.75,2.4575e+06,0.2158,7
49.25,52.25,2.4575e+06,0.0977,4
72.25,52.25,2.4575e+06,0.3377,5
75.25,52.25,2.4575e+06,0.4427,8
75.75,52.25,2.4575e+06,0.2951,11
76.25,52.25,2.4575e+06,0.2557,4
77.25,52.25,2.4575e+06,0.2152,7
77.75,52.25,2.4575e+06,0.198,9
78.25,52.25,2.4575e+06,0.1878,6
78.75,52.25,2.4575e+06,0.1463,4
71.75,52.75,2.4575e+06,0.4201,4
75.25,52.75,2.4575e+06,0.3596,5
75.75,52.75,2.4575e+06,0.2861,9
76.25,52.75,2.4575e+06,0.2625,4
76.75,52.75,2.4575e+06,0.3294,7
77.25,52.75,2.4575e+06,0.2584,8
78.25,52.75,2.4575e+06,0.1695,6
76.75,53.25,2.4575e+06,0.3433,6
77.25,53.25,2.4575e+06,0.2747,9
78.25,53.25,2.4575e+06,0.1736,4
26.25,56.25,2.4575e+06,0.0716,5
27.25,56.25,2.4575e+06,0.0835,4
26.25,56.75,2.4575e+06,0.0587,4
25.75,57.25,2.4575e+06,0.0542,4
